"date","location","new_cases","new_deaths","total_cases","total_deaths","recover","total_recover","icu","support","imported_cases","china","days_china","first","days_first","local","days_local","uda","days_uda","tabligh","days_tabligh","mco","days_mco","renggam","days_renggam","cmco","days_cmco","rmco","days_rmco"
2019-12-31,"Malaysia",0,0,0,0,0,0,0,0,0,1,1,0,0,0,0,0,0,0,0,0,0,0,0,0,0,0,0
2020-01-01,"Malaysia",0,0,0,0,0,0,0,0,0,1,2,0,0,0,0,0,0,0,0,0,0,0,0,0,0,0,0
2020-01-02,"Malaysia",0,0,0,0,0,0,0,0,0,1,3,0,0,0,0,0,0,0,0,0,0,0,0,0,0,0,0
2020-01-03,"Malaysia",0,0,0,0,0,0,0,0,0,1,4,0,0,0,0,0,0,0,0,0,0,0,0,0,0,0,0
2020-01-04,"Malaysia",0,0,0,0,0,0,0,0,0,1,5,0,0,0,0,0,0,0,0,0,0,0,0,0,0,0,0
2020-01-05,"Malaysia",0,0,0,0,0,0,0,0,0,1,6,0,0,0,0,0,0,0,0,0,0,0,0,0,0,0,0
2020-01-06,"Malaysia",0,0,0,0,0,0,0,0,0,1,7,0,0,0,0,0,0,0,0,0,0,0,0,0,0,0,0
2020-01-07,"Malaysia",0,0,0,0,0,0,0,0,0,1,8,0,0,0,0,0,0,0,0,0,0,0,0,0,0,0,0
2020-01-08,"Malaysia",0,0,0,0,0,0,0,0,0,1,9,0,0,0,0,0,0,0,0,0,0,0,0,0,0,0,0
2020-01-09,"Malaysia",0,0,0,0,0,0,0,0,0,1,10,0,0,0,0,0,0,0,0,0,0,0,0,0,0,0,0
2020-01-10,"Malaysia",0,0,0,0,0,0,0,0,0,1,11,0,0,0,0,0,0,0,0,0,0,0,0,0,0,0,0
2020-01-11,"Malaysia",0,0,0,0,0,0,0,0,0,1,12,0,0,0,0,0,0,0,0,0,0,0,0,0,0,0,0
2020-01-12,"Malaysia",0,0,0,0,0,0,0,0,0,1,13,0,0,0,0,0,0,0,0,0,0,0,0,0,0,0,0
2020-01-13,"Malaysia",0,0,0,0,0,0,0,0,0,1,14,0,0,0,0,0,0,0,0,0,0,0,0,0,0,0,0
2020-01-14,"Malaysia",0,0,0,0,0,0,0,0,0,1,15,0,0,0,0,0,0,0,0,0,0,0,0,0,0,0,0
2020-01-15,"Malaysia",0,0,0,0,0,0,0,0,0,1,16,0,0,0,0,0,0,0,0,0,0,0,0,0,0,0,0
2020-01-16,"Malaysia",0,0,0,0,0,0,0,0,0,1,17,0,0,0,0,0,0,0,0,0,0,0,0,0,0,0,0
2020-01-17,"Malaysia",0,0,0,0,0,0,0,0,0,1,18,0,0,0,0,0,0,0,0,0,0,0,0,0,0,0,0
2020-01-18,"Malaysia",0,0,0,0,0,0,0,0,0,1,19,0,0,0,0,0,0,0,0,0,0,0,0,0,0,0,0
2020-01-19,"Malaysia",0,0,0,0,0,0,0,0,0,1,20,0,0,0,0,0,0,0,0,0,0,0,0,0,0,0,0
2020-01-20,"Malaysia",0,0,0,0,0,0,0,0,0,1,21,0,0,0,0,0,0,0,0,0,0,0,0,0,0,0,0
2020-01-21,"Malaysia",0,0,0,0,0,0,0,0,0,1,22,0,0,0,0,0,0,0,0,0,0,0,0,0,0,0,0
2020-01-22,"Malaysia",0,0,0,0,0,0,0,0,0,1,23,0,0,0,0,0,0,0,0,0,0,0,0,0,0,0,0
2020-01-23,"Malaysia",0,0,0,0,0,0,0,0,0,1,24,0,0,0,0,0,0,0,0,0,0,0,0,0,0,0,0
2020-01-24,"Malaysia",3,0,3,0,0,0,0,0,0,1,25,0,0,0,0,0,0,0,0,0,0,0,0,0,0,0,0
2020-01-25,"Malaysia",1,0,4,0,0,0,0,0,0,1,26,1,1,0,0,0,0,0,0,0,0,0,0,0,0,0,0
2020-01-26,"Malaysia",0,0,4,0,0,0,0,0,0,1,27,1,2,0,0,0,0,0,0,0,0,0,0,0,0,0,0
2020-01-27,"Malaysia",0,0,4,0,0,0,0,0,0,1,28,1,3,0,0,0,0,0,0,0,0,0,0,0,0,0,0
2020-01-28,"Malaysia",3,0,7,0,0,0,0,0,0,1,29,1,4,0,0,0,0,0,0,0,0,0,0,0,0,0,0
2020-01-29,"Malaysia",0,0,7,0,0,0,0,0,0,1,30,1,5,0,0,0,0,0,0,0,0,0,0,0,0,0,0
2020-01-30,"Malaysia",1,0,8,0,0,0,0,0,0,1,31,1,6,0,0,0,0,0,0,0,0,0,0,0,0,0,0
2020-01-31,"Malaysia",0,0,8,0,0,0,0,0,0,1,32,1,7,0,0,0,0,0,0,0,0,0,0,0,0,0,0
2020-02-01,"Malaysia",0,0,8,0,0,0,0,0,0,1,33,1,8,0,0,0,0,0,0,0,0,0,0,0,0,0,0
2020-02-02,"Malaysia",0,0,8,0,0,0,0,0,0,1,34,1,9,0,0,0,0,0,0,0,0,0,0,0,0,0,0
2020-02-03,"Malaysia",0,0,8,0,1,1,0,0,0,1,35,1,10,0,0,0,0,0,0,0,0,0,0,0,0,0,0
2020-02-04,"Malaysia",2,0,10,0,0,1,0,0,0,1,36,1,11,0,0,0,0,0,0,0,0,0,0,0,0,0,0
2020-02-05,"Malaysia",2,0,12,0,0,1,0,0,0,1,37,1,12,0,0,0,0,0,0,0,0,0,0,0,0,0,0
2020-02-06,"Malaysia",2,0,14,0,0,1,0,0,0,1,38,1,13,1,1,0,0,0,0,0,0,0,0,0,0,0,0
2020-02-07,"Malaysia",1,0,15,0,1,2,0,0,0,1,39,1,14,1,2,0,0,0,0,0,0,0,0,0,0,0,0
2020-02-08,"Malaysia",1,0,16,0,1,3,0,0,0,1,40,1,15,1,3,0,0,0,0,0,0,0,0,0,0,0,0
2020-02-09,"Malaysia",2,0,18,0,0,3,0,0,0,1,41,1,16,1,4,0,0,0,0,0,0,0,0,0,0,0,0
2020-02-10,"Malaysia",0,0,18,0,0,3,0,0,0,1,42,1,17,1,5,0,0,0,0,0,0,0,0,0,0,0,0
2020-02-11,"Malaysia",0,0,18,0,0,3,0,0,0,1,43,1,18,1,6,0,0,0,0,0,0,0,0,0,0,0,0
2020-02-12,"Malaysia",0,0,18,0,0,3,0,0,0,1,44,1,19,1,7,0,0,0,0,0,0,0,0,0,0,0,0
2020-02-13,"Malaysia",1,0,19,0,4,7,0,0,0,1,45,1,20,1,8,0,0,0,0,0,0,0,0,0,0,0,0
2020-02-14,"Malaysia",2,0,21,0,0,7,0,0,0,1,46,1,21,1,9,0,0,0,0,0,0,0,0,0,0,0,0
2020-02-15,"Malaysia",1,0,22,0,1,8,0,0,0,1,47,1,22,1,10,0,0,0,0,0,0,0,0,0,0,0,0
2020-02-16,"Malaysia",0,0,22,0,1,9,0,0,0,1,48,1,23,1,11,0,0,0,0,0,0,0,0,0,0,0,0
2020-02-17,"Malaysia",0,0,22,0,4,13,0,0,0,1,49,1,24,1,12,0,0,0,0,0,0,0,0,0,0,0,0
2020-02-18,"Malaysia",0,0,22,0,4,17,0,0,0,1,50,1,25,1,13,0,0,0,0,0,0,0,0,0,0,0,0
2020-02-19,"Malaysia",0,0,22,0,0,17,0,0,0,1,51,1,26,1,14,0,0,0,0,0,0,0,0,0,0,0,0
2020-02-20,"Malaysia",0,0,22,0,0,17,0,0,0,1,52,1,27,1,15,0,0,0,0,0,0,0,0,0,0,0,0
2020-02-21,"Malaysia",0,0,22,0,0,17,0,0,0,1,53,1,28,1,16,0,0,0,0,0,0,0,0,0,0,0,0
2020-02-22,"Malaysia",0,0,22,0,1,18,0,0,0,1,54,1,29,1,17,0,0,0,0,0,0,0,0,0,0,0,0
2020-02-23,"Malaysia",0,0,22,0,2,20,0,0,0,1,55,1,30,1,18,0,0,0,0,0,0,0,0,0,0,0,0
2020-02-24,"Malaysia",0,0,22,0,0,20,0,0,0,1,56,1,31,1,19,0,0,0,0,0,0,0,0,0,0,0,0
2020-02-25,"Malaysia",0,0,22,0,0,20,0,0,0,1,57,1,32,1,20,0,0,0,0,0,0,0,0,0,0,0,0
2020-02-26,"Malaysia",0,0,22,0,2,22,0,0,0,1,58,1,33,1,21,0,0,0,0,0,0,0,0,0,0,0,0
2020-02-27,"Malaysia",1,0,23,0,0,22,0,0,0,1,59,1,34,1,22,0,0,0,0,0,0,0,0,0,0,0,0
2020-02-28,"Malaysia",2,0,25,0,0,22,0,0,0,1,60,1,35,1,23,0,0,1,1,0,0,0,0,0,0,0,0
2020-02-29,"Malaysia",0,0,25,0,0,22,0,0,0,1,61,1,36,1,24,0,0,1,2,0,0,0,0,0,0,0,0
2020-03-01,"Malaysia",4,0,29,0,0,22,0,0,0,1,62,1,37,1,25,0,0,1,3,0,0,0,0,0,0,0,0
2020-03-02,"Malaysia",0,0,29,0,0,22,0,0,0,1,63,1,38,1,26,1,1,1,4,0,0,0,0,0,0,0,0
2020-03-03,"Malaysia",7,0,36,0,0,22,0,0,0,1,64,1,39,1,27,1,2,1,5,0,0,0,0,0,0,0,0
2020-03-04,"Malaysia",14,0,50,0,0,22,0,0,0,1,65,1,40,1,28,1,3,1,6,0,0,0,0,0,0,0,0
2020-03-05,"Malaysia",0,0,50,0,0,22,0,0,0,1,66,1,41,1,29,1,4,1,7,0,0,0,0,0,0,0,0
2020-03-06,"Malaysia",33,0,83,0,1,23,0,0,0,1,67,1,42,1,30,1,5,1,8,0,0,0,0,0,0,0,0
2020-03-07,"Malaysia",10,0,93,0,0,23,0,0,0,1,68,1,43,1,31,1,6,1,9,0,0,0,0,0,0,0,0
2020-03-08,"Malaysia",6,0,99,0,1,24,0,0,0,1,69,1,44,1,32,1,7,1,10,0,0,0,0,0,0,0,0
2020-03-09,"Malaysia",18,0,117,0,0,24,0,0,0,1,70,1,45,1,33,1,8,1,11,0,0,0,0,0,0,0,0
2020-03-10,"Malaysia",12,0,129,0,1,25,0,0,0,1,71,1,46,1,34,1,9,1,12,0,0,0,0,0,0,0,0
2020-03-11,"Malaysia",20,0,149,0,1,26,2,2,0,1,72,1,47,1,35,1,10,1,13,0,0,0,0,0,0,0,0
2020-03-12,"Malaysia",9,0,158,0,6,32,3,3,0,1,73,1,48,1,36,1,11,1,14,0,0,0,0,0,0,0,0
2020-03-13,"Malaysia",39,0,197,0,1,33,4,4,0,1,74,1,49,1,37,1,12,1,15,0,0,0,0,0,0,0,0
2020-03-14,"Malaysia",41,0,238,0,2,35,5,5,0,1,75,1,50,1,38,1,13,1,16,0,0,0,0,0,0,0,0
2020-03-15,"Malaysia",190,0,428,0,7,42,9,9,0,1,76,1,51,1,39,1,14,1,17,0,0,1,1,0,0,0,0
2020-03-16,"Malaysia",125,0,553,0,0,42,12,12,0,1,77,1,52,1,40,1,15,1,18,0,0,1,2,0,0,0,0
2020-03-17,"Malaysia",120,2,673,2,7,49,12,12,0,1,78,1,53,1,41,1,16,1,19,0,0,1,3,0,0,0,0
2020-03-18,"Malaysia",117,0,790,2,11,60,15,15,0,1,79,1,54,1,42,1,17,1,20,1,1,1,4,0,0,0,0
2020-03-19,"Malaysia",110,0,900,2,15,75,20,20,0,1,80,1,55,1,43,1,18,1,21,1,2,1,5,0,0,0,0
2020-03-20,"Malaysia",130,0,1030,2,12,87,26,26,0,1,81,1,56,1,44,1,19,1,22,1,3,1,6,0,0,0,0
2020-03-21,"Malaysia",153,2,1183,4,27,114,37,23,0,1,82,1,57,1,45,1,20,1,23,1,4,1,7,0,0,0,0
2020-03-22,"Malaysia",123,6,1306,10,25,139,46,22,0,1,83,1,58,1,46,1,21,1,24,1,5,1,8,0,0,0,0
2020-03-23,"Malaysia",212,4,1518,14,20,159,57,27,0,1,84,1,59,1,47,1,22,1,25,1,6,1,9,0,0,0,0
2020-03-24,"Malaysia",106,1,1624,15,24,183,64,27,0,1,85,1,60,1,48,1,23,1,26,1,7,1,10,0,0,0,0
2020-03-25,"Malaysia",172,4,1796,19,16,199,45,34,0,1,86,1,61,1,49,1,24,1,27,1,8,1,11,0,0,0,0
2020-03-26,"Malaysia",235,4,2031,23,16,215,45,32,0,1,87,1,62,1,50,1,25,1,28,1,9,1,12,0,0,0,0
2020-03-27,"Malaysia",130,3,2161,26,44,259,54,34,0,1,88,1,63,1,51,1,26,1,29,1,10,1,13,0,0,0,0
2020-03-28,"Malaysia",159,1,2320,27,61,320,73,54,0,1,89,1,64,1,52,1,27,1,30,1,11,1,14,0,0,0,0
2020-03-29,"Malaysia",150,7,2470,34,68,388,73,52,0,1,90,1,65,1,53,1,28,1,31,1,12,1,15,0,0,0,0
2020-03-30,"Malaysia",156,3,2626,37,91,479,94,62,0,1,91,1,66,1,54,1,29,1,32,1,13,1,16,0,0,0,0
2020-03-31,"Malaysia",140,6,2766,43,58,537,94,60,0,1,92,1,67,1,55,1,30,1,33,1,14,1,17,0,0,0,0
2020-04-01,"Malaysia",142,2,2908,45,108,645,102,66,0,1,93,1,68,1,56,1,31,1,34,1,15,1,18,0,0,0,0
2020-04-02,"Malaysia",208,5,3116,50,122,767,105,54,0,1,94,1,69,1,57,1,32,1,35,1,16,1,19,0,0,0,0
2020-04-03,"Malaysia",217,3,3333,53,60,827,108,54,0,1,95,1,70,1,58,1,33,1,36,1,17,1,20,0,0,0,0
2020-04-04,"Malaysia",150,4,3483,57,88,915,99,50,0,1,96,1,71,1,59,1,34,1,37,1,18,1,21,0,0,0,0
2020-04-05,"Malaysia",179,4,3662,61,90,1005,99,48,0,1,97,1,72,1,60,1,35,1,38,1,19,1,22,0,0,0,0
2020-04-06,"Malaysia",131,1,3793,62,236,1241,102,54,0,1,98,1,73,1,61,1,36,1,39,1,20,1,23,0,0,0,0
2020-04-07,"Malaysia",170,1,3963,63,80,1321,92,50,0,1,99,1,74,1,62,1,37,1,40,1,21,1,24,0,0,0,0
2020-04-08,"Malaysia",156,2,4119,65,166,1487,76,45,0,1,100,1,75,1,63,1,38,1,41,1,22,1,25,0,0,0,0
2020-04-09,"Malaysia",109,2,4228,67,121,1608,72,43,0,1,101,1,76,1,64,1,39,1,42,1,23,1,26,0,0,0,0
2020-04-10,"Malaysia",118,3,4346,70,222,1830,69,40,0,1,102,1,77,1,65,1,40,1,43,1,24,1,27,0,0,0,0
2020-04-11,"Malaysia",184,3,4530,73,165,1995,72,38,0,1,103,1,78,1,66,1,41,1,44,1,25,1,28,0,0,0,0
2020-04-12,"Malaysia",153,3,4683,76,113,2108,66,37,0,1,104,1,79,1,67,1,42,1,45,1,26,1,29,0,0,0,0
2020-04-13,"Malaysia",134,1,4817,77,168,2276,66,36,0,1,105,1,80,1,68,1,43,1,46,1,27,1,30,0,0,0,0
2020-04-14,"Malaysia",170,5,4987,82,202,2478,60,33,0,1,106,1,81,1,69,1,44,1,47,1,28,1,31,0,0,0,0
2020-04-15,"Malaysia",85,1,5072,83,169,2647,56,32,0,1,107,1,82,1,70,1,45,1,48,1,29,1,32,0,0,0,0
2020-04-16,"Malaysia",110,1,5182,84,119,2766,56,29,0,1,108,1,83,1,71,1,46,1,49,1,30,1,33,0,0,0,0
2020-04-17,"Malaysia",69,2,5251,86,201,2967,51,26,0,1,109,1,84,1,72,1,47,1,50,1,31,1,34,0,0,0,0
2020-04-18,"Malaysia",54,2,5305,88,135,3102,49,26,0,1,110,1,85,1,73,1,48,1,51,1,32,1,35,0,0,0,0
2020-04-19,"Malaysia",84,1,5389,89,95,3197,46,26,0,1,111,1,86,1,74,1,49,1,52,1,33,1,36,0,0,0,0
2020-04-20,"Malaysia",36,0,5425,89,98,3295,45,28,0,1,112,1,87,1,75,1,50,1,53,1,34,1,37,0,0,0,0
2020-04-21,"Malaysia",57,3,5482,92,54,3349,43,27,0,1,113,1,88,1,76,1,51,1,54,1,35,1,38,0,0,0,0
2020-04-22,"Malaysia",50,1,5532,93,103,3452,43,25,0,1,114,1,89,1,77,1,52,1,55,1,36,1,39,0,0,0,0
2020-04-23,"Malaysia",71,2,5603,95,90,3542,42,21,0,1,115,1,90,1,78,1,53,1,56,1,37,1,40,0,0,0,0
2020-04-24,"Malaysia",88,1,5691,96,121,3663,41,18,13,1,116,1,91,1,79,1,54,1,57,1,38,1,41,0,0,0,0
2020-04-25,"Malaysia",51,2,5742,98,99,3762,36,16,3,1,117,1,92,1,80,1,55,1,58,1,39,1,42,0,0,0,0
2020-04-26,"Malaysia",38,0,5780,98,100,3862,36,15,5,1,118,1,93,1,81,1,56,1,59,1,40,1,43,0,0,0,0
2020-04-27,"Malaysia",40,1,5820,99,95,3957,37,17,5,1,119,1,94,1,82,1,57,1,60,1,41,1,44,0,0,0,0
2020-04-28,"Malaysia",31,1,5851,100,75,4032,36,17,10,1,120,1,95,1,83,1,58,1,61,1,42,1,45,0,0,0,0
2020-04-29,"Malaysia",94,0,5945,100,55,4087,40,18,72,1,121,1,96,1,84,1,59,1,62,1,43,1,46,0,0,0,0
2020-04-30,"Malaysia",57,2,6002,102,84,4171,36,14,25,1,122,1,97,1,85,1,60,1,63,1,44,1,47,0,0,0,0
2020-05-01,"Malaysia",69,1,6071,103,39,4210,37,14,12,1,123,1,98,1,86,1,61,1,64,1,45,1,48,0,0,0,0
2020-05-02,"Malaysia",105,0,6176,103,116,4326,31,12,11,1,124,1,99,1,87,1,62,1,65,1,46,1,49,0,0,0,0
2020-05-03,"Malaysia",122,2,6298,105,87,4413,27,13,52,1,125,1,100,1,88,1,63,1,66,1,47,1,50,0,0,0,0
2020-05-04,"Malaysia",55,0,6353,105,71,4484,28,13,7,1,126,1,101,1,89,1,64,1,67,1,48,1,51,1,1,0,0
2020-05-05,"Malaysia",30,1,6383,106,83,4567,24,8,0,1,127,1,102,1,90,1,65,1,68,1,49,1,52,1,2,0,0
2020-05-06,"Malaysia",45,1,6428,107,135,4702,22,9,1,1,128,1,103,1,91,1,66,1,69,1,50,1,53,1,3,0,0
2020-05-07,"Malaysia",39,0,6467,107,74,4776,19,8,1,1,129,1,104,1,92,1,67,1,70,1,51,1,54,1,4,0,0
2020-05-08,"Malaysia",68,0,6535,107,88,4864,18,7,4,1,130,1,105,1,93,1,68,1,71,1,52,1,55,1,5,0,0
2020-05-09,"Malaysia",54,1,6589,108,65,4929,18,6,1,1,131,1,106,1,94,1,69,1,72,1,53,1,56,1,6,0,0
2020-05-10,"Malaysia",67,0,6656,108,96,5025,18,6,0,1,132,1,107,1,95,1,70,1,73,1,54,1,57,1,7,0,0
2020-05-11,"Malaysia",70,1,6726,109,88,5113,20,7,13,1,133,1,108,1,96,1,71,1,74,1,55,1,58,1,8,0,0
2020-05-12,"Malaysia",16,0,6742,109,110,5223,16,3,3,1,134,1,109,1,97,1,72,1,75,1,56,1,59,1,9,0,0
2020-05-13,"Malaysia",37,2,6779,111,58,5281,16,4,4,1,135,1,110,1,98,1,73,1,76,1,57,1,60,1,10,0,0
2020-05-14,"Malaysia",40,1,6819,112,70,5351,16,4,0,1,136,1,111,1,99,1,74,1,77,1,58,1,61,1,11,0,0
2020-05-15,"Malaysia",36,0,6855,112,88,5439,14,5,1,1,137,1,112,1,100,1,75,1,78,1,59,1,62,1,12,0,0
2020-05-16,"Malaysia",17,1,6872,113,73,5512,13,5,6,1,138,1,113,1,101,1,76,1,79,1,60,1,63,1,13,0,0
2020-05-17,"Malaysia",22,0,6894,113,59,5571,13,7,5,1,139,1,114,1,102,1,77,1,80,1,61,1,64,1,14,0,0
2020-05-18,"Malaysia",47,0,6941,113,44,5615,13,6,21,1,140,1,115,1,103,1,78,1,81,1,62,1,65,1,15,0,0
2020-05-19,"Malaysia",37,1,6978,114,31,5646,11,6,2,1,141,1,116,1,104,1,79,1,82,1,63,1,66,1,16,0,0
2020-05-20,"Malaysia",31,0,7009,114,60,5706,11,7,10,1,142,1,117,1,105,1,80,1,83,1,64,1,67,1,17,0,0
2020-05-21,"Malaysia",50,0,7059,114,90,5796,10,7,3,1,143,1,118,1,106,1,81,1,84,1,65,1,68,1,18,0,0
2020-05-22,"Malaysia",78,1,7137,115,63,5859,9,5,25,1,144,1,119,1,107,1,82,1,85,1,66,1,69,1,19,0,0
2020-05-23,"Malaysia",48,0,7185,115,53,5912,9,5,4,1,145,1,120,1,108,1,83,1,86,1,67,1,70,1,20,0,0
2020-05-24,"Malaysia",60,0,7245,115,33,5945,9,4,7,1,146,1,121,1,109,1,84,1,87,1,68,1,71,1,21,0,0
2020-05-25,"Malaysia",172,0,7417,115,34,5979,8,4,5,1,147,1,122,1,110,1,85,1,88,1,69,1,72,1,22,0,0
2020-05-26,"Malaysia",187,0,7604,115,62,6041,8,5,10,1,148,1,123,1,111,1,86,1,89,1,70,1,73,1,23,0,0
2020-05-27,"Malaysia",15,0,7619,115,42,6083,8,4,6,1,149,1,124,1,112,1,87,1,90,1,71,1,74,1,24,0,0
2020-05-28,"Malaysia",10,0,7629,115,86,6169,8,4,0,1,150,1,125,1,113,1,88,1,91,1,72,1,75,1,25,0,0
2020-05-29,"Malaysia",103,0,7732,115,66,6235,8,2,7,1,151,1,126,1,114,1,89,1,92,1,73,1,76,1,26,0,0
2020-05-30,"Malaysia",30,0,7762,115,95,6330,9,2,3,1,152,1,127,1,115,1,90,1,93,1,74,1,77,1,27,0,0
2020-05-31,"Malaysia",57,0,7819,115,23,6353,9,2,10,1,153,1,128,1,116,1,91,1,94,1,75,1,78,1,28,0,0
2020-06-01,"Malaysia",38,0,7857,115,51,6404,8,2,26,1,154,1,129,1,117,1,92,1,95,1,76,1,79,1,29,0,0
2020-06-02,"Malaysia",20,0,7877,115,66,6470,6,2,15,1,155,1,130,1,118,1,93,1,96,1,77,1,80,1,30,0,0
2020-06-03,"Malaysia",93,0,7970,115,61,6531,6,2,0,1,156,1,131,1,119,1,94,1,97,1,78,1,81,1,31,0,0
2020-06-04,"Malaysia",277,0,8247,115,28,6559,6,2,2,1,157,1,132,1,120,1,95,1,98,1,79,1,82,1,32,0,0
2020-06-05,"Malaysia",19,1,8266,116,51,6610,6,1,7,1,158,1,133,1,121,1,96,1,99,1,80,1,83,1,33,0,0
2020-06-06,"Malaysia",37,1,8303,117,25,6635,5,0,8,1,159,1,134,1,122,1,97,1,100,1,81,1,84,1,34,0,0
2020-06-07,"Malaysia",19,0,8322,117,39,6674,5,0,6,1,160,1,135,1,123,1,98,1,101,1,82,1,85,1,35,0,0
2020-06-08,"Malaysia",7,0,8329,117,20,6694,6,1,2,1,161,1,136,1,124,1,99,1,102,1,83,1,86,1,36,0,0
2020-06-09,"Malaysia",7,0,8336,117,281,6975,6,1,6,1,162,1,137,1,125,1,100,1,103,1,84,1,87,1,37,0,0
2020-06-10,"Malaysia",2,1,8338,118,39,7014,5,0,1,1,163,1,138,1,126,1,101,1,104,1,85,1,88,1,38,1,1
2020-06-11,"Malaysia",31,0,8369,118,51,7065,5,0,11,1,164,1,139,1,127,1,102,1,105,1,86,1,89,1,39,1,2
2020-06-12,"Malaysia",33,1,8402,119,103,7168,4,0,16,1,165,1,140,1,128,1,103,1,106,1,87,1,90,1,40,1,3
2020-06-13,"Malaysia",43,1,8445,120,143,7311,4,0,5,1,166,1,141,1,129,1,104,1,107,1,88,1,91,1,41,1,4
2020-06-14,"Malaysia",8,1,8453,121,35,7346,4,0,2,1,167,1,142,1,130,1,105,1,108,1,89,1,92,1,42,1,5
2020-06-15,"Malaysia",41,0,8494,121,54,7400,4,0,3,1,168,1,143,1,131,1,106,1,109,1,90,1,93,1,43,1,6
2020-06-16,"Malaysia",11,0,8505,121,333,7733,4,0,1,1,169,1,144,1,132,1,107,1,110,1,91,1,94,1,44,1,7
2020-06-17,"Malaysia",10,0,8515,121,140,7873,4,0,0,1,170,1,145,1,133,1,108,1,111,1,92,1,95,1,45,1,8
2020-06-18,"Malaysia",14,0,8529,121,127,8000,4,0,3,1,171,1,146,1,134,1,109,1,112,1,93,1,96,1,46,1,9
2020-06-19,"Malaysia",6,0,8535,121,70,8070,3,0,2,1,172,1,147,1,135,1,110,1,113,1,94,1,97,1,47,1,10
2020-06-20,"Malaysia",21,0,8556,121,76,8146,3,0,2,1,173,1,148,1,136,1,111,1,114,1,95,1,98,1,48,1,11
2020-06-21,"Malaysia",16,0,8572,121,10,8156,3,0,3,1,174,1,149,1,137,1,112,1,115,1,96,1,99,1,49,1,12
2020-06-22,"Malaysia",15,0,8587,121,21,8177,2,0,2,1,175,1,150,1,138,1,113,1,116,1,97,1,100,1,50,1,13
2020-06-23,"Malaysia",3,0,8590,121,9,8186,3,0,0,1,176,1,151,1,139,1,114,1,117,1,98,1,101,1,51,1,14
2020-06-24,"Malaysia",6,0,8596,121,45,8231,2,0,2,1,177,1,152,1,140,1,115,1,118,1,99,1,102,1,52,1,15
2020-06-25,"Malaysia",4,0,8600,121,40,8271,2,0,3,1,178,1,153,1,141,1,116,1,119,1,100,1,103,1,53,1,16
2020-06-26,"Malaysia",6,0,8606,121,23,8294,2,0,5,1,179,1,154,1,142,1,117,1,120,1,101,1,104,1,54,1,17
2020-06-27,"Malaysia",10,0,8616,121,14,8308,2,0,4,1,180,1,155,1,143,1,118,1,121,1,102,1,105,1,55,1,18
2020-06-28,"Malaysia",18,0,8634,121,10,8318,2,0,4,1,181,1,156,1,144,1,119,1,122,1,103,1,106,1,56,1,19
2020-06-29,"Malaysia",3,0,8637,121,16,8334,4,1,1,1,182,1,157,1,145,1,120,1,123,1,104,1,107,1,57,1,20
2020-06-30,"Malaysia",2,0,8639,121,20,8354,4,1,1,1,183,1,158,1,146,1,121,1,124,1,105,1,108,1,58,1,21
2020-07-01,"Malaysia",1,0,8640,121,21,8375,4,2,1,1,184,1,159,1,147,1,122,1,125,1,106,1,109,1,59,1,22
2020-07-02,"Malaysia",3,0,8643,121,62,8437,2,2,1,1,185,1,160,1,148,1,123,1,126,1,107,1,110,1,60,1,23
2020-07-03,"Malaysia",5,0,8648,121,9,8446,2,2,3,1,186,1,161,1,149,1,124,1,127,1,108,1,111,1,61,1,24
2020-07-04,"Malaysia",10,0,8658,121,15,8461,2,2,7,1,187,1,162,1,150,1,125,1,128,1,109,1,112,1,62,1,25
2020-07-05,"Malaysia",5,0,8663,121,4,8465,2,2,3,1,188,1,163,1,151,1,126,1,129,1,110,1,113,1,63,1,26
2020-07-06,"Malaysia",5,0,8668,121,11,8476,2,2,3,1,189,1,164,1,152,1,127,1,130,1,111,1,114,1,64,1,27
2020-07-07,"Malaysia",6,0,8674,121,5,8481,2,2,4,1,190,1,165,1,153,1,128,1,131,1,112,1,115,1,65,1,28
2020-07-08,"Malaysia",3,0,8677,121,5,8486,2,1,3,1,191,1,166,1,154,1,129,1,132,1,113,1,116,1,66,1,29
2020-07-09,"Malaysia",6,0,8683,121,13,8499,2,1,6,1,192,1,167,1,155,1,130,1,133,1,114,1,117,1,67,1,30
2020-07-10,"Malaysia",13,0,8696,121,12,8511,2,2,8,1,193,1,168,1,156,1,131,1,134,1,115,1,118,1,68,1,31
2020-07-11,"Malaysia",8,1,8704,122,4,8515,3,2,4,1,194,1,169,1,157,1,132,1,135,1,116,1,119,1,69,1,32
2020-07-12,"Malaysia",14,0,8718,122,4,8519,3,2,3,1,195,1,170,1,158,1,133,1,136,1,117,1,120,1,70,1,33
2020-07-13,"Malaysia",7,0,8725,122,1,8520,4,3,6,1,196,1,171,1,159,1,134,1,137,1,118,1,121,1,71,1,34
2020-07-14,"Malaysia",4,0,8729,122,4,8524,6,2,4,1,197,1,172,1,160,1,135,1,138,1,119,1,122,1,72,1,35
2020-07-15,"Malaysia",5,0,8734,122,2,8526,5,1,1,1,198,1,173,1,161,1,136,1,139,1,120,1,123,1,73,1,36
2020-07-16,"Malaysia",3,0,8737,122,12,8538,3,1,1,1,199,1,174,1,162,1,137,1,140,1,121,1,124,1,74,1,37
2020-07-17,"Malaysia",18,0,8755,122,3,8541,3,0,10,1,200,1,175,1,163,1,138,1,141,1,122,1,125,1,75,1,38
2020-07-18,"Malaysia",9,0,8764,122,5,8546,1,0,4,1,201,1,176,1,164,1,139,1,142,1,123,1,126,1,76,1,39
2020-07-19,"Malaysia",15,1,8779,123,7,8553,2,1,4,1,202,1,177,1,165,1,140,1,143,1,124,1,127,1,77,1,40
2020-07-20,"Malaysia",21,0,8800,123,2,8555,3,1,6,1,203,1,178,1,166,1,141,1,144,1,125,1,128,1,78,1,41
2020-07-21,"Malaysia",15,0,8815,123,7,8562,4,1,4,1,204,1,179,1,167,1,142,1,145,1,126,1,129,1,79,1,42
2020-07-22,"Malaysia",16,0,8831,123,4,8566,5,1,8,1,205,1,180,1,168,1,143,1,146,1,127,1,130,1,80,1,43
2020-07-23,"Malaysia",9,0,8840,123,8,8574,5,2,3,1,206,1,181,1,169,1,144,1,147,1,128,1,131,1,81,1,44
2020-07-24,"Malaysia",21,0,8861,123,3,8577,5,2,5,1,207,1,182,1,170,1,145,1,148,1,129,1,132,1,82,1,45
2020-07-25,"Malaysia",23,0,8884,123,17,8594,3,2,6,1,208,1,183,1,171,1,146,1,149,1,130,1,133,1,83,1,46
2020-07-26,"Malaysia",13,1,8897,124,6,8600,2,1,3,1,209,1,184,1,172,1,147,1,150,1,131,1,134,1,84,1,47
2020-07-27,"Malaysia",7,0,8904,124,1,8601,0,0,4,1,210,1,185,1,173,1,148,1,151,1,132,1,135,1,85,1,48
2020-07-28,"Malaysia",39,0,8943,124,6,8607,1,1,11,1,211,1,186,1,174,1,149,1,152,1,133,1,136,1,86,1,49
2020-07-29,"Malaysia",13,0,8956,124,5,8612,2,1,8,1,212,1,187,1,175,1,150,1,153,1,134,1,137,1,87,1,50
2020-07-30,"Malaysia",8,0,8964,124,5,8617,3,1,3,1,213,1,188,1,176,1,151,1,154,1,135,1,138,1,88,1,51
2020-07-31,"Malaysia",12,1,8976,125,27,8644,3,1,5,1,214,1,189,1,177,1,152,1,155,1,136,1,139,1,89,1,52
2020-08-01,"Malaysia",9,0,8985,125,3,8647,2,1,7,1,215,1,190,1,178,1,153,1,156,1,137,1,140,1,90,1,53
2020-08-02,"Malaysia",14,0,8999,125,17,8664,2,1,1,1,216,1,191,1,179,1,154,1,157,1,138,1,141,1,91,1,54
2020-08-03,"Malaysia",2,0,9001,125,4,8668,1,0,0,1,217,1,192,1,180,1,155,1,158,1,139,1,142,1,92,1,55
2020-08-04,"Malaysia",1,0,9002,125,16,8684,0,0,0,1,218,1,193,1,181,1,156,1,159,1,140,1,143,1,93,1,56
2020-08-05,"Malaysia",21,0,9023,125,18,8702,2,0,15,1,219,1,194,1,182,1,157,1,160,1,141,1,144,1,94,1,57
2020-08-06,"Malaysia",15,0,9038,125,11,8713,2,1,5,1,220,1,195,1,183,1,158,1,161,1,142,1,145,1,95,1,58
2020-08-07,"Malaysia",25,0,9063,125,15,8728,2,1,9,1,221,1,196,1,184,1,159,1,162,1,143,1,146,1,96,1,59
2020-08-08,"Malaysia",7,0,9070,125,47,8775,2,1,6,1,222,1,197,1,185,1,160,1,163,1,144,1,147,1,97,1,60
2020-08-09,"Malaysia",13,0,9083,125,9,8784,1,0,9,1,223,1,198,1,186,1,161,1,164,1,145,1,148,1,98,1,61
2020-08-10,"Malaysia",11,0,9094,125,19,8803,1,0,5,1,224,1,199,1,187,1,162,1,165,1,146,1,149,1,99,1,62
2020-08-11,"Malaysia",9,0,9103,125,6,8809,2,0,5,1,225,1,200,1,188,1,163,1,166,1,147,1,150,1,100,1,63
2020-08-12,"Malaysia",11,0,9114,125,8,8817,1,0,8,1,226,1,201,1,189,1,164,1,167,1,148,1,151,1,101,1,64
2020-08-13,"Malaysia",15,0,9129,125,4,8821,2,0,4,1,227,1,202,1,190,1,165,1,168,1,149,1,152,1,102,1,65
2020-08-14,"Malaysia",20,0,9149,125,7,8828,4,1,7,1,228,1,203,1,191,1,166,1,169,1,150,1,153,1,103,1,66
2020-08-15,"Malaysia",26,0,9175,125,3,8831,6,1,3,1,229,1,204,1,192,1,167,1,170,1,151,1,154,1,104,1,67
2020-08-16,"Malaysia",25,0,9200,125,28,8859,7,2,16,1,230,1,205,1,193,1,168,1,171,1,152,1,155,1,105,1,68
2020-08-17,"Malaysia",12,0,9212,125,17,8876,8,2,2,1,231,1,206,1,194,1,169,1,172,1,153,1,156,1,106,1,69
2020-08-18,"Malaysia",7,0,9219,125,26,8902,8,2,4,1,232,1,207,1,195,1,170,1,173,1,154,1,157,1,107,1,70
2020-08-19,"Malaysia",16,0,9235,125,23,8925,7,3,4,1,233,1,208,1,196,1,171,1,174,1,155,1,158,1,108,1,71
2020-08-20,"Malaysia",5,0,9240,125,7,8932,7,4,5,1,234,1,209,1,197,1,172,1,175,1,156,1,159,1,109,1,72
2020-08-21,"Malaysia",9,0,9249,125,13,8945,7,4,4,1,235,1,210,1,198,1,173,1,176,1,157,1,160,1,110,1,73
2020-08-22,"Malaysia",8,0,9257,125,4,8949,8,4,3,1,236,1,211,1,199,1,174,1,177,1,158,1,161,1,111,1,74
2020-08-23,"Malaysia",10,0,9267,125,10,8959,9,4,8,1,237,1,212,1,200,1,175,1,178,1,159,1,162,1,112,1,75
2020-08-24,"Malaysia",7,0,9274,125,6,8965,8,5,2,1,238,1,213,1,201,1,176,1,179,1,160,1,163,1,113,1,76
2020-08-25,"Malaysia",11,0,9285,125,6,8971,8,6,2,1,239,1,214,1,202,1,177,1,180,1,161,1,164,1,114,1,77
2020-08-26,"Malaysia",6,0,9291,125,7,8978,9,6,1,1,240,1,215,1,203,1,178,1,181,1,162,1,165,1,115,1,78
2020-08-27,"Malaysia",5,0,9296,125,16,8994,8,6,2,1,241,1,216,1,204,1,179,1,182,1,163,1,166,1,116,1,79
2020-08-28,"Malaysia",10,0,9306,125,36,9030,8,6,8,1,242,1,217,1,205,1,180,1,183,1,164,1,167,1,117,1,80
2020-08-29,"Malaysia",11,0,9317,125,8,9038,8,6,10,1,243,1,218,1,206,1,181,1,184,1,165,1,168,1,118,1,81
2020-08-30,"Malaysia",17,1,9334,126,10,9048,7,5,15,1,244,1,219,1,207,1,182,1,185,1,166,1,169,1,119,1,82
2020-08-31,"Malaysia",6,1,9340,127,6,9054,6,4,4,1,245,1,220,1,208,1,183,1,186,1,167,1,170,1,120,1,83
2020-09-01,"Malaysia",14,1,9354,128,21,9075,5,3,5,1,246,1,221,1,209,1,184,1,187,1,168,1,171,1,121,1,84
2020-09-02,"Malaysia",6,0,9360,128,4,9079,4,3,4,1,247,1,222,1,210,1,185,1,188,1,169,1,172,1,122,1,85
2020-09-03,"Malaysia",14,0,9374,128,4,9083,4,3,4,1,248,1,223,1,211,1,186,1,189,1,170,1,173,1,123,1,86
2020-09-04,"Malaysia",11,0,9385,128,9,9092,4,3,7,1,249,1,224,1,212,1,187,1,190,1,171,1,174,1,124,1,87
2020-09-05,"Malaysia",6,0,9391,128,21,9113,5,3,4,1,250,1,225,1,213,1,188,1,191,1,172,1,175,1,125,1,88
2020-09-06,"Malaysia",6,0,9397,128,2,9115,6,3,3,1,251,1,226,1,214,1,189,1,192,1,173,1,176,1,126,1,89
2020-09-07,"Malaysia",62,0,9459,128,9,9124,6,4,6,1,252,1,227,1,215,1,190,1,193,1,174,1,177,1,127,1,90
2020-09-08,"Malaysia",100,0,9559,128,12,9136,7,4,15,1,253,1,228,1,216,1,191,1,194,1,175,1,178,1,128,1,91
2020-09-09,"Malaysia",24,0,9583,128,7,9143,7,4,6,1,254,1,229,1,217,1,192,1,195,1,176,1,179,1,129,1,92
2020-09-10,"Malaysia",45,0,9628,128,24,9167,9,5,1,1,255,1,230,1,218,1,193,1,196,1,177,1,180,1,130,1,93
2020-09-11,"Malaysia",182,0,9810,128,14,9181,9,5,1,1,256,1,231,1,219,1,194,1,197,1,178,1,181,1,131,1,94
2020-09-12,"Malaysia",58,0,9868,128,8,9189,9,5,5,1,257,1,232,1,220,1,195,1,198,1,179,1,182,1,132,1,95
2020-09-13,"Malaysia",47,0,9915,128,7,9196,9,4,2,1,258,1,233,1,221,1,196,1,199,1,180,1,183,1,133,1,96
2020-09-14,"Malaysia",31,0,9946,128,7,9203,11,5,3,1,259,1,234,1,222,1,197,1,200,1,181,1,184,1,134,1,97
2020-09-15,"Malaysia",23,0,9969,128,6,9209,14,4,10,1,260,1,235,1,223,1,198,1,201,1,182,1,185,1,135,1,98
2020-09-16,"Malaysia",62,0,10031,128,26,9235,15,3,1,1,261,1,236,1,224,1,199,1,202,1,183,1,186,1,136,1,99
2020-09-17,"Malaysia",21,0,10052,128,15,9250,13,2,5,1,262,1,237,1,225,1,200,1,203,1,184,1,187,1,137,1,100
2020-09-18,"Malaysia",95,1,10147,129,14,9264,11,2,4,1,263,1,238,1,226,1,201,1,204,1,185,1,188,1,138,1,101
2020-09-19,"Malaysia",20,1,10167,130,51,9315,12,2,3,1,264,1,239,1,227,1,202,1,205,1,186,1,189,1,139,1,102
2020-09-20,"Malaysia",52,0,10219,130,40,9355,10,2,12,1,265,1,240,1,228,1,203,1,206,1,187,1,190,1,140,1,103
2020-09-21,"Malaysia",57,0,10276,130,40,9395,9,2,6,1,266,1,241,1,229,1,204,1,207,1,188,1,191,1,141,1,104
2020-09-22,"Malaysia",82,0,10358,130,168,9563,9,2,10,1,267,1,242,1,230,1,205,1,208,1,189,1,192,1,142,1,105
2020-09-23,"Malaysia",147,3,10505,133,39,9602,8,2,4,1,268,1,243,1,231,1,206,1,209,1,190,1,193,1,143,1,106
2020-09-24,"Malaysia",71,0,10576,133,64,9666,6,2,2,1,269,1,244,1,232,1,207,1,210,1,191,1,194,1,144,1,107
2020-09-25,"Malaysia",111,0,10687,133,30,9696,4,3,4,1,270,1,245,1,233,1,208,1,211,1,192,1,195,1,145,1,108
2020-09-26,"Malaysia",82,0,10769,133,89,9785,8,4,3,1,271,1,246,1,234,1,209,1,212,1,193,1,196,1,146,1,109
2020-09-27,"Malaysia",150,1,10919,134,50,9835,6,4,4,1,272,1,247,1,235,1,210,1,213,1,194,1,197,1,147,1,110
2020-09-28,"Malaysia",115,0,11034,134,54,9889,8,5,3,1,273,1,248,1,236,1,211,1,214,1,195,1,198,1,148,1,111
2020-09-29,"Malaysia",101,0,11135,134,50,9939,13,5,4,1,274,1,249,1,237,1,212,1,215,1,196,1,199,1,149,1,112
2020-09-30,"Malaysia",89,2,11224,136,28,9967,16,3,3,1,275,1,250,1,238,1,213,1,216,1,197,1,200,1,150,1,113
2020-10-01,"Malaysia",260,0,11484,136,47,10014,20,3,1,1,276,1,251,1,239,1,214,1,217,1,198,1,201,1,151,1,114
2020-10-02,"Malaysia",287,0,11771,136,81,10095,22,4,0,1,277,1,252,1,240,1,215,1,218,1,199,1,202,1,152,1,115
2020-10-03,"Malaysia",317,1,12088,137,121,10216,29,4,0,1,278,1,253,1,241,1,216,1,219,1,200,1,203,1,153,1,116
2020-10-04,"Malaysia",293,0,12381,137,67,10283,28,4,1,1,279,1,254,1,242,1,217,1,220,1,201,1,204,1,154,1,117
2020-10-05,"Malaysia",432,0,12813,137,57,10340,32,8,3,1,280,1,255,1,243,1,218,1,221,1,202,1,205,1,155,1,118
2020-10-06,"Malaysia",691,4,13504,141,87,10427,31,8,3,1,281,1,256,1,244,1,219,1,222,1,203,1,206,1,156,1,119
2020-10-07,"Malaysia",489,0,13993,141,74,10501,40,13,2,1,282,1,257,1,245,1,220,1,223,1,204,1,207,1,157,1,120
2020-10-08,"Malaysia",375,5,14368,146,18,10519,60,20,4,1,283,1,258,1,246,1,221,1,224,1,205,1,208,1,158,1,121
2020-10-09,"Malaysia",354,6,14722,152,188,10707,68,25,2,1,284,1,259,1,247,1,222,1,225,1,206,1,209,1,159,1,122
2020-10-10,"Malaysia",374,3,15096,155,73,10780,73,28,2,1,285,1,260,1,248,1,223,1,226,1,207,1,210,1,160,1,123
2020-10-11,"Malaysia",561,2,15657,157,133,10913,90,29,8,1,286,1,261,1,249,1,224,1,227,1,208,1,211,1,161,1,124
2020-10-12,"Malaysia",563,2,16220,159,109,11022,98,29,1,1,287,1,262,1,250,1,225,1,228,1,209,1,212,1,162,1,125
2020-10-13,"Malaysia",660,4,16880,163,350,11372,101,32,2,1,288,1,263,1,251,1,226,1,229,1,210,1,213,1,163,1,126
2020-10-14,"Malaysia",660,4,17540,167,233,11605,108,35,6,1,289,1,264,1,252,1,227,1,230,1,211,1,214,1,164,1,127
2020-10-15,"Malaysia",589,3,18129,170,409,12014,103,31,3,1,290,1,265,1,253,1,228,1,231,1,212,1,215,1,165,1,128
2020-10-16,"Malaysia",629,6,18758,176,245,12259,99,31,2,1,291,1,266,1,254,1,229,1,232,1,213,1,216,1,166,1,129
2020-10-17,"Malaysia",869,4,19627,180,302,12561,91,30,0,1,292,1,267,1,255,1,230,1,233,1,214,1,217,1,167,1,130
2020-10-18,"Malaysia",871,7,20498,187,701,13262,86,28,5,1,293,1,268,1,256,1,231,1,234,1,215,1,218,1,168,1,131
2020-10-19,"Malaysia",865,3,21363,190,455,13717,99,32,7,1,294,1,269,1,257,1,232,1,235,1,216,1,219,1,169,1,132
2020-10-20,"Malaysia",862,3,22225,193,634,14351,95,29,2,1,295,1,270,1,258,1,233,1,236,1,217,1,220,1,170,1,133
2020-10-21,"Malaysia",732,6,22957,199,580,14931,102,31,8,1,296,1,271,1,259,1,234,1,237,1,218,1,221,1,171,1,134
2020-10-22,"Malaysia",847,5,23804,204,486,15417,90,29,5,1,297,1,272,1,260,1,235,1,238,1,219,1,222,1,172,1,135
2020-10-23,"Malaysia",710,10,24514,214,467,15884,90,28,1,1,298,1,273,1,261,1,236,1,239,1,220,1,223,1,173,1,136
2020-10-24,"Malaysia",1228,7,25742,221,671,16555,92,31,11,1,299,1,274,1,262,1,237,1,240,1,221,1,224,1,174,1,137
2020-10-25,"Malaysia",823,8,26565,229,579,17134,99,30,0,1,300,1,275,1,263,1,238,1,241,1,222,1,225,1,175,1,138
2020-10-26,"Malaysia",1240,7,27805,236,691,17825,94,31,2,1,301,1,276,1,264,1,239,1,242,1,223,1,226,1,176,1,139
2020-10-27,"Malaysia",835,2,28640,238,674,18499,89,32,5,1,302,1,277,1,265,1,240,1,243,1,224,1,227,1,177,1,140
2020-10-28,"Malaysia",801,8,29441,246,573,19072,94,25,2,1,303,1,278,1,266,1,241,1,244,1,225,1,228,1,178,1,141
2020-10-29,"Malaysia",649,0,30090,246,685,19757,106,23,7,1,304,1,279,1,267,1,242,1,245,1,226,1,229,1,179,1,142
2020-10-30,"Malaysia",799,3,30889,249,491,20248,90,20,0,1,305,1,280,1,268,1,243,1,246,1,227,1,230,1,180,1,143
2020-10-31,"Malaysia",659,0,31548,249,1000,21248,83,19,0,1,306,1,281,1,269,1,244,1,247,1,228,1,231,1,181,1,144
2020-11-01,"Malaysia",957,0,32505,249,972,22220,97,27,0,1,307,1,282,1,270,1,245,1,248,1,229,1,232,1,182,1,145
2020-11-02,"Malaysia",834,2,33339,251,900,23120,91,32,3,1,308,1,283,1,271,1,246,1,249,1,230,1,233,1,183,1,146
2020-11-03,"Malaysia",1054,12,34393,263,875,23995,94,32,14,1,309,1,284,1,272,1,247,1,250,1,231,1,234,1,184,1,147
2020-11-04,"Malaysia",1032,8,35425,271,820,24815,82,27,3,1,310,1,285,1,273,1,248,1,251,1,232,1,235,1,185,1,148
2020-11-05,"Malaysia",1009,6,36434,277,839,25654,78,28,9,1,311,1,286,1,274,1,249,1,252,1,233,1,236,1,186,1,149
2020-11-06,"Malaysia",1755,2,38189,279,726,26380,83,32,3,1,312,1,287,1,275,1,250,1,253,1,234,1,237,1,187,1,150
2020-11-07,"Malaysia",1168,3,39357,282,1029,27409,87,32,0,1,313,1,288,1,276,1,251,1,254,1,235,1,238,1,188,1,151
2020-11-08,"Malaysia",852,4,40209,286,825,28234,94,32,13,1,314,1,289,1,277,1,252,1,255,1,236,1,239,1,189,1,152
2020-11-09,"Malaysia",972,8,41181,294,1345,29579,86,31,5,1,315,1,290,1,278,1,253,1,256,1,237,1,240,1,190,1,153
2020-11-10,"Malaysia",869,6,42050,300,725,30304,82,27,1,1,316,1,291,1,279,1,254,1,257,1,238,1,241,1,191,1,154
2020-11-11,"Malaysia",822,2,42872,302,769,31073,86,30,7,1,317,1,292,1,280,1,255,1,258,1,239,1,242,1,192,1,155
2020-11-12,"Malaysia",919,1,43791,303,996,32069,92,35,3,1,318,1,293,1,281,1,256,1,259,1,240,1,243,1,193,1,156
2020-11-13,"Malaysia",1304,1,45095,304,900,32969,96,39,4,1,319,1,294,1,282,1,257,1,260,1,241,1,244,1,194,1,157
2020-11-14,"Malaysia",1114,2,46209,306,803,33772,103,43,2,1,320,1,295,1,283,1,258,1,261,1,242,1,245,1,195,1,158
2020-11-15,"Malaysia",1208,3,47417,309,1013,34785,104,42,6,1,321,1,296,1,284,1,259,1,262,1,243,1,246,1,196,1,159
2020-11-16,"Malaysia",1103,4,48520,313,821,35606,102,39,1,1,322,1,297,1,285,1,260,1,263,1,244,1,247,1,197,1,160
2020-11-17,"Malaysia",1210,5,49730,318,1018,36624,105,40,19,1,323,1,298,1,286,1,261,1,264,1,245,1,248,1,198,1,161
2020-11-18,"Malaysia",660,4,50390,322,630,37254,103,41,4,1,324,1,299,1,287,1,262,1,265,1,246,1,249,1,199,1,162
2020-11-19,"Malaysia",1290,4,51680,326,878,38132,110,37,5,1,325,1,300,1,288,1,263,1,266,1,247,1,250,1,200,1,163
2020-11-20,"Malaysia",958,3,52638,329,956,39088,110,42,5,1,326,1,301,1,289,1,264,1,267,1,248,1,251,1,201,1,164
2020-11-21,"Malaysia",1041,3,53679,332,1405,40493,108,45,2,1,327,1,302,1,290,1,265,1,268,1,249,1,252,1,202,1,165
2020-11-22,"Malaysia",1096,3,54775,335,1104,41597,106,46,6,1,328,1,303,1,291,1,266,1,269,1,250,1,253,1,203,1,166
2020-11-23,"Malaysia",1884,2,56659,337,883,42480,115,48,2,1,329,1,304,1,292,1,267,1,270,1,251,1,254,1,204,1,167
2020-11-24,"Malaysia",2188,4,58847,341,1673,44153,112,49,0,1,330,1,305,1,293,1,268,1,271,1,252,1,255,1,205,1,168
2020-11-25,"Malaysia",970,4,59817,345,2348,46501,110,47,5,1,331,1,306,1,294,1,269,1,272,1,253,1,256,1,206,1,169
2020-11-26,"Malaysia",935,3,60752,348,2555,49056,110,45,4,1,332,1,307,1,295,1,270,1,273,1,254,1,257,1,207,1,170
2020-11-27,"Malaysia",1109,2,61861,350,1148,50204,113,41,10,1,333,1,308,1,296,1,271,1,274,1,255,1,258,1,208,1,171
2020-11-28,"Malaysia",1315,4,63176,354,1110,51314,118,43,5,1,334,1,309,1,297,1,272,1,275,1,256,1,259,1,209,1,172
2020-11-29,"Malaysia",1309,3,64485,357,1333,52647,116,42,1,1,335,1,310,1,298,1,273,1,276,1,257,1,260,1,210,1,173
2020-11-30,"Malaysia",1212,3,65697,360,2112,54759,113,42,9,1,336,1,311,1,299,1,274,1,277,1,258,1,261,1,211,1,174
2020-12-01,"Malaysia",1472,3,67169,363,1552,56311,120,44,5,1,337,1,312,1,300,1,275,1,278,1,259,1,262,1,212,1,175
2020-12-02,"Malaysia",851,2,68020,365,658,56969,122,47,4,1,338,1,313,1,301,1,276,1,279,1,260,1,263,1,213,1,176
2020-12-03,"Malaysia",1075,11,69095,376,948,57917,116,46,3,1,339,1,314,1,302,1,277,1,280,1,261,1,264,1,214,1,177
2020-12-04,"Malaysia",1141,0,70236,376,1144,59061,129,53,3,1,340,1,315,1,303,1,278,1,281,1,262,1,265,1,215,1,178
2020-12-05,"Malaysia",1123,4,71359,380,1143,60204,130,54,5,1,341,1,316,1,304,1,279,1,282,1,263,1,266,1,216,1,179
2020-12-06,"Malaysia",1335,2,72694,382,1069,61273,126,57,3,1,342,1,317,1,305,1,280,1,283,1,264,1,267,1,217,1,180
2020-12-07,"Malaysia",1600,2,74294,384,1033,62306,129,57,3,1,343,1,318,1,306,1,281,1,284,1,265,1,268,1,218,1,181
2020-12-08,"Malaysia",1012,4,75306,388,1750,64056,126,62,7,1,344,1,319,1,307,1,282,1,285,1,266,1,269,1,219,1,182
2020-12-09,"Malaysia",959,5,76265,393,1068,65124,127,61,6,1,345,1,320,1,308,1,283,1,286,1,267,1,270,1,220,1,183
2020-12-10,"Malaysia",2234,3,78499,396,1112,66236,124,60,5,1,346,1,321,1,309,1,284,1,287,1,268,1,271,1,221,1,184
2020-12-11,"Malaysia",1810,6,80309,402,937,67173,123,63,11,1,347,1,322,1,310,1,285,1,288,1,269,1,272,1,222,1,185
2020-12-12,"Malaysia",1937,9,82246,411,911,68084,121,66,2,1,348,1,323,1,311,1,286,1,289,1,270,1,273,1,223,1,186
2020-12-13,"Malaysia",1229,4,83475,415,1309,69393,115,65,2,1,349,1,324,1,312,1,287,1,290,1,271,1,274,1,224,1,187
2020-12-14,"Malaysia",1371,4,84846,419,1204,70597,114,62,1,1,350,1,325,1,313,1,288,1,291,1,272,1,275,1,225,1,188
2020-12-15,"Malaysia",1772,3,86618,422,1084,71681,118,56,12,1,351,1,326,1,314,1,289,1,292,1,273,1,276,1,226,1,189
2020-12-16,"Malaysia",1295,7,87913,429,1052,72733,113,53,10,1,352,1,327,1,315,1,290,1,293,1,274,1,277,1,227,1,190
2020-12-17,"Malaysia",1220,3,89133,432,1297,74030,106,53,6,1,353,1,328,1,316,1,291,1,294,1,275,1,278,1,228,1,191
2020-12-18,"Malaysia",1683,0,90816,432,1214,75244,106,51,8,1,354,1,329,1,317,1,292,1,295,1,276,1,279,1,229,1,192
2020-12-19,"Malaysia",1153,1,91969,433,998,76242,112,56,2,1,355,1,330,1,318,1,293,1,296,1,277,1,280,1,230,1,193
2020-12-20,"Malaysia",1340,4,93309,437,1067,77309,116,57,3,1,356,1,331,1,319,1,294,1,297,1,278,1,281,1,231,1,194
2020-12-21,"Malaysia",2018,1,95327,438,1084,78393,109,55,7,1,357,1,332,1,320,1,295,1,298,1,279,1,282,1,232,1,195
2020-12-22,"Malaysia",2062,1,97389,439,911,79304,111,51,4,1,358,1,333,1,321,1,296,1,299,1,280,1,283,1,233,1,196
2020-12-23,"Malaysia",1348,5,98737,444,710,80014,102,44,16,1,359,1,334,1,322,1,297,1,300,1,281,1,284,1,234,1,197
2020-12-24,"Malaysia",1581,2,100318,446,1085,81099,102,45,2,1,360,1,335,1,323,1,298,1,301,1,282,1,285,1,235,1,198
2020-12-25,"Malaysia",1247,3,101565,449,1441,82540,108,47,2,1,361,1,336,1,324,1,299,1,302,1,283,1,286,1,236,1,199
2020-12-26,"Malaysia",2335,2,103900,451,874,83414,108,50,11,1,362,1,337,1,325,1,300,1,303,1,284,1,287,1,237,1,200
2020-12-27,"Malaysia",1196,1,105096,452,997,84411,111,50,5,1,363,1,338,1,326,1,301,1,304,1,285,1,288,1,238,1,201
2020-12-28,"Malaysia",1594,3,106690,455,1181,85592,116,53,3,1,364,1,339,1,327,1,302,1,305,1,286,1,289,1,239,1,202
2020-12-29,"Malaysia",1925,2,108615,457,1123,86715,117,55,10,1,365,1,340,1,328,1,303,1,306,1,287,1,290,1,240,1,203
2020-12-30,"Malaysia",1870,6,110485,463,745,87460,131,62,2,1,366,1,341,1,329,1,304,1,307,1,288,1,291,1,241,1,204
2020-12-31,"Malaysia",2525,8,113010,471,1481,88941,131,60,13,1,367,1,342,1,330,1,305,1,308,1,289,1,292,1,242,1,205
2021-01-01,"Malaysia",2068,3,115078,474,2230,91171,126,54,2,1,368,1,343,1,331,1,306,1,309,1,290,1,293,1,243,1,206
2021-01-02,"Malaysia",2295,9,117373,483,3321,94492,125,51,9,1,369,1,344,1,332,1,307,1,310,1,291,1,294,1,244,1,207
2021-01-03,"Malaysia",1704,11,119077,494,2726,97218,124,51,5,1,370,1,345,1,333,1,308,1,311,1,292,1,295,1,245,1,208
2021-01-04,"Malaysia",1741,7,120818,501,1010,98228,122,53,8,1,371,1,346,1,334,1,309,1,312,1,293,1,296,1,246,1,209
2021-01-05,"Malaysia",2027,8,122845,509,1221,99449,123,52,16,1,372,1,347,1,335,1,310,1,313,1,294,1,297,1,247,1,210
2021-01-06,"Malaysia",2593,4,125438,513,1129,100578,141,67,4,1,373,1,348,1,336,1,311,1,314,1,295,1,298,1,248,1,211
2021-01-07,"Malaysia",3027,8,128465,521,2145,102723,142,63,6,1,374,1,349,1,337,1,312,1,315,1,296,1,299,1,249,1,212
2021-01-08,"Malaysia",2643,16,131108,537,2708,105431,170,82,2,1,375,1,350,1,338,1,313,1,316,1,297,1,300,1,250,1,213
2021-01-09,"Malaysia",2451,5,133559,542,1401,106832,177,82,5,1,376,1,351,1,339,1,314,1,317,1,298,1,301,1,251,1,214
2021-01-10,"Malaysia",2433,9,135992,551,1277,108109,171,76,7,1,377,1,352,1,340,1,315,1,318,1,299,1,302,1,252,1,215
2021-01-11,"Malaysia",2232,4,138224,555,1006,109115,187,87,6,1,378,1,353,1,341,1,316,1,319,1,300,1,303,1,253,1,216
2021-01-12,"Malaysia",3309,4,141533,559,1469,110584,190,83,6,1,379,1,354,1,342,1,317,1,320,1,301,1,304,1,254,1,217
2021-01-13,"Malaysia",2985,4,144518,563,994,111578,197,79,2,1,380,1,355,1,343,1,318,1,321,1,302,1,305,1,255,1,218
2021-01-14,"Malaysia",3337,15,147855,578,1710,113288,195,86,7,1,381,1,356,1,344,1,319,1,322,1,303,1,306,1,256,1,219
2021-01-15,"Malaysia",3211,8,151066,586,1939,115227,204,87,5,1,382,1,357,1,345,1,320,1,323,1,304,1,307,1,257,1,220
2021-01-16,"Malaysia",4029,8,155095,594,2148,117375,205,79,8,1,383,1,358,1,346,1,321,1,324,1,305,1,308,1,258,1,221
2021-01-17,"Malaysia",3339,7,158434,601,2676,120051,240,93,15,1,384,1,359,1,347,1,322,1,325,1,306,1,309,1,259,1,222
2021-01-18,"Malaysia",3306,4,161740,605,2293,122344,226,94,7,1,385,1,360,1,348,1,323,1,326,1,307,1,310,1,260,1,223
2021-01-19,"Malaysia",3631,14,165371,619,2944,125288,238,96,7,1,386,1,361,1,349,1,324,1,327,1,308,1,311,1,261,1,224
2021-01-20,"Malaysia",4008,11,169379,630,2374,127662,246,96,5,1,387,1,362,1,350,1,325,1,328,1,309,1,312,1,262,1,225
2021-01-21,"Malaysia",3170,12,172549,642,2490,130152,260,103,8,1,388,1,363,1,351,1,326,1,329,1,310,1,313,1,263,1,226
2021-01-22,"Malaysia",3631,18,176180,660,2554,132706,251,102,6,1,389,1,364,1,352,1,327,1,330,1,311,1,314,1,264,1,227
2021-01-23,"Malaysia",4275,7,180455,667,4313,137019,260,103,11,1,390,1,365,1,353,1,328,1,331,1,312,1,315,1,265,1,228
2021-01-24,"Malaysia",3346,11,183801,678,4427,141446,265,102,7,1,391,1,366,1,354,1,329,1,332,1,313,1,316,1,266,1,229
2021-01-25,"Malaysia",3048,11,186849,689,3638,145084,261,101,8,1,392,1,367,1,355,1,330,1,333,1,314,1,317,1,267,1,230
2021-01-26,"Malaysia",3585,11,190434,700,4076,149160,280,111,2,1,393,1,368,1,356,1,331,1,334,1,315,1,318,1,268,1,231
2021-01-27,"Malaysia",3680,7,194114,707,1858,151018,314,122,6,1,394,1,369,1,357,1,332,1,335,1,316,1,319,1,269,1,232
2021-01-28,"Malaysia",4094,10,198208,717,3281,154299,303,118,8,1,395,1,370,1,358,1,333,1,336,1,317,1,320,1,270,1,233
2021-01-29,"Malaysia",5725,16,203933,733,3423,157722,301,115,7,1,396,1,371,1,359,1,334,1,337,1,318,1,321,1,271,1,234
2021-01-30,"Malaysia",5728,13,209661,746,3805,161527,319,120,5,1,397,1,372,1,360,1,335,1,338,1,319,1,322,1,272,1,235
2021-01-31,"Malaysia",5298,14,214959,760,4522,166049,313,127,3,1,398,1,373,1,361,1,336,1,339,1,320,1,323,1,273,1,236
2021-02-01,"Malaysia",4214,10,219173,770,4280,170329,316,137,9,1,399,1,374,1,362,1,337,1,340,1,321,1,324,1,274,1,237
2021-02-02,"Malaysia",3455,21,222628,791,3661,173990,327,145,5,1,400,1,375,1,363,1,338,1,341,1,322,1,325,1,275,1,238
2021-02-03,"Malaysia",4284,18,226912,809,3804,177794,307,141,6,1,401,1,376,1,364,1,339,1,342,1,323,1,326,1,276,1,239
2021-02-04,"Malaysia",4571,17,231483,826,4092,181886,308,135,3,1,402,1,377,1,365,1,340,1,343,1,324,1,327,1,277,1,240
2021-02-05,"Malaysia",3391,19,234874,845,3392,185278,310,134,4,1,403,1,378,1,366,1,341,1,344,1,325,1,328,1,278,1,241
2021-02-06,"Malaysia",3847,12,238721,857,1692,186970,305,139,4,1,404,1,379,1,367,1,342,1,345,1,326,1,329,1,279,1,242
2021-02-07,"Malaysia",3731,15,242452,872,3369,190339,292,140,8,1,405,1,380,1,368,1,343,1,346,1,327,1,330,1,280,1,243
2021-02-08,"Malaysia",3100,24,245552,896,2340,192679,282,134,1,1,406,1,381,1,369,1,344,1,347,1,328,1,331,1,281,1,244
2021-02-09,"Malaysia",2764,13,248316,909,3887,196566,289,127,6,1,407,1,382,1,370,1,345,1,348,1,329,1,332,1,282,1,245
2021-02-10,"Malaysia",3288,14,251604,923,1929,198495,285,131,5,1,408,1,383,1,371,1,346,1,349,1,330,1,333,1,283,1,246
2021-02-11,"Malaysia",3384,13,254988,936,3774,202269,259,122,15,1,409,1,384,1,372,1,347,1,350,1,331,1,334,1,284,1,247
2021-02-12,"Malaysia",3318,17,258306,953,3505,205774,258,119,7,1,410,1,385,1,373,1,348,1,351,1,332,1,335,1,285,1,248
2021-02-13,"Malaysia",3499,5,261805,958,3515,209289,263,118,1,1,411,1,386,1,374,1,349,1,352,1,333,1,336,1,286,1,249
2021-02-14,"Malaysia",2464,7,264269,965,4525,213814,260,111,3,1,412,1,387,1,375,1,350,1,353,1,334,1,337,1,287,1,250
2021-02-15,"Malaysia",2176,10,266445,975,4521,218335,260,112,1,1,413,1,388,1,376,1,351,1,354,1,335,1,338,1,288,1,251
2021-02-16,"Malaysia",2720,8,269165,983,5718,224053,253,118,0,1,414,1,389,1,377,1,352,1,355,1,336,1,339,1,289,1,252
2021-02-17,"Malaysia",2998,22,272163,1005,5709,229762,231,115,7,1,415,1,390,1,378,1,353,1,356,1,337,1,340,1,290,1,253
2021-02-18,"Malaysia",2712,25,274875,1030,5320,235082,227,103,4,1,416,1,391,1,379,1,354,1,357,1,338,1,341,1,291,1,254
2021-02-19,"Malaysia",2936,13,277811,1043,4889,239971,220,104,17,1,417,1,392,1,380,1,355,1,358,1,339,1,342,1,292,1,255
2021-02-20,"Malaysia",2461,8,280272,1051,4782,244753,207,91,0,1,418,1,393,1,381,1,356,1,359,1,340,1,343,1,293,1,256
2021-02-21,"Malaysia",3297,5,283569,1056,4456,249209,209,91,6,1,419,1,394,1,382,1,357,1,360,1,341,1,344,1,294,1,257
2021-02-22,"Malaysia",2192,6,285761,1062,3414,252623,199,91,3,1,420,1,395,1,383,1,358,1,361,1,342,1,345,1,295,1,258
2021-02-23,"Malaysia",2468,14,288229,1076,4055,256678,196,92,4,1,421,1,396,1,384,1,359,1,362,1,343,1,346,1,296,1,259
2021-02-24,"Malaysia",3545,12,291774,1088,3331,260009,189,88,1,1,422,1,397,1,385,1,360,1,363,1,344,1,347,1,297,1,260
2021-02-25,"Malaysia",1924,12,293698,1100,3752,263761,205,91,6,1,423,1,398,1,386,1,361,1,364,1,345,1,348,1,298,1,261
2021-02-26,"Malaysia",2253,11,295951,1111,3085,266846,201,93,7,1,424,1,399,1,387,1,362,1,365,1,346,1,349,1,299,1,262
2021-02-27,"Malaysia",2364,10,298315,1121,3320,270166,190,99,1,1,425,1,400,1,388,1,363,1,366,1,347,1,350,1,300,1,263
2021-02-28,"Malaysia",2437,9,300752,1130,3251,273417,202,93,2,1,426,1,401,1,389,1,364,1,367,1,348,1,351,1,301,1,264
2021-03-01,"Malaysia",1828,5,302580,1135,2486,275903,198,90,7,1,427,1,402,1,390,1,365,1,368,1,349,1,352,1,302,1,265
2021-03-02,"Malaysia",1555,6,304135,1141,2528,278431,204,96,3,1,428,1,403,1,391,1,366,1,369,1,350,1,353,1,303,1,266
2021-03-03,"Malaysia",1745,7,305880,1148,2276,280707,195,95,2,1,429,1,404,1,392,1,367,1,370,1,351,1,354,1,304,1,267
2021-03-04,"Malaysia",2063,5,307943,1153,2922,283629,193,99,9,1,430,1,405,1,393,1,368,1,371,1,352,1,355,1,305,1,268
2021-03-05,"Malaysia",2154,6,310097,1159,3275,286904,184,87,5,1,431,1,406,1,394,1,369,1,372,1,353,1,356,1,306,1,269
2021-03-06,"Malaysia",1680,7,311777,1166,2548,289452,172,84,3,1,432,1,407,1,395,1,370,1,373,1,354,1,357,1,307,1,270
2021-03-07,"Malaysia",1683,3,313460,1169,2506,291958,174,81,10,1,433,1,408,1,396,1,371,1,374,1,355,1,358,1,308,1,271
2021-03-08,"Malaysia",1529,8,314989,1177,2076,294034,160,79,9,1,434,1,409,1,397,1,372,1,375,1,356,1,359,1,309,1,272
2021-03-09,"Malaysia",1280,9,316269,1186,2345,296379,155,76,2,1,435,1,410,1,398,1,373,1,376,1,357,1,360,1,310,1,273
2021-03-10,"Malaysia",1448,5,317717,1191,2137,298516,151,72,10,1,436,1,411,1,399,1,374,1,377,1,358,1,361,1,311,1,274
2021-03-11,"Malaysia",1647,9,319364,1200,2104,300620,147,61,5,1,437,1,412,1,400,1,375,1,378,1,359,1,362,1,312,1,275
2021-03-12,"Malaysia",1575,3,320939,1203,2042,302662,147,67,7,1,438,1,413,1,401,1,376,1,379,1,360,1,363,1,313,1,276
2021-03-13,"Malaysia",1470,3,322409,1206,1830,304492,162,70,12,1,439,1,414,1,402,1,377,1,380,1,361,1,364,1,314,1,277
2021-03-14,"Malaysia",1354,4,323763,1210,1782,306274,158,71,14,1,440,1,415,1,403,1,378,1,381,1,362,1,365,1,315,1,278
2021-03-15,"Malaysia",1208,3,324971,1213,1973,308247,155,70,9,1,441,1,416,1,404,1,379,1,382,1,363,1,366,1,316,1,279
2021-03-16,"Malaysia",1063,5,326034,1218,1365,309612,152,68,4,1,442,1,417,1,405,1,380,1,383,1,364,1,367,1,317,1,280
2021-03-17,"Malaysia",1219,2,327253,1220,1346,310958,154,64,7,1,443,1,418,1,406,1,381,1,384,1,365,1,368,1,318,1,281
2021-03-18,"Malaysia",1213,3,328466,1223,1503,312461,155,54,6,1,444,1,419,1,407,1,382,1,385,1,366,1,369,1,319,1,282
2021-03-19,"Malaysia",1576,2,330042,1225,1996,314457,151,57,11,1,445,1,420,1,408,1,383,1,386,1,367,1,370,1,320,1,283
2021-03-20,"Malaysia",1671,4,331713,1229,1585,316042,151,64,2,1,446,1,421,1,409,1,384,1,387,1,368,1,371,1,321,1,284
2021-03-21,"Malaysia",1327,4,333040,1233,1247,317289,154,65,11,1,447,1,422,1,410,1,385,1,388,1,369,1,372,1,322,1,285
2021-03-22,"Malaysia",1116,5,334156,1238,1495,318784,156,60,8,1,448,1,423,1,411,1,386,1,389,1,370,1,373,1,323,1,286
2021-03-23,"Malaysia",1384,6,335540,1244,1058,319842,148,62,9,1,449,1,424,1,412,1,387,1,390,1,371,1,374,1,324,1,287
2021-03-24,"Malaysia",1268,2,336808,1246,1083,320925,161,73,5,1,450,1,425,1,413,1,388,1,391,1,372,1,375,1,325,1,288
2021-03-25,"Malaysia",1360,2,338168,1248,1491,322416,157,72,1,1,451,1,426,1,414,1,389,1,392,1,373,1,376,1,326,1,289
2021-03-26,"Malaysia",1275,1,339443,1249,1509,323925,161,70,32,1,452,1,427,1,415,1,390,1,393,1,374,1,377,1,327,1,290
2021-03-27,"Malaysia",1199,2,340642,1251,1257,325182,167,72,5,1,453,1,428,1,416,1,391,1,394,1,375,1,378,1,328,1,291
2021-03-28,"Malaysia",1302,4,341944,1255,1127,326309,169,76,9,1,454,1,429,1,417,1,392,1,395,1,376,1,379,1,329,1,292
2021-03-29,"Malaysia",941,5,342885,1260,1097,327406,166,73,8,1,455,1,430,1,418,1,393,1,396,1,377,1,380,1,330,1,293
2021-03-30,"Malaysia",1133,5,344018,1265,1148,328554,161,76,8,1,456,1,431,1,419,1,394,1,397,1,378,1,381,1,331,1,294
2021-03-31,"Malaysia",1482,7,345500,1272,1070,329624,164,81,2,1,457,1,432,1,420,1,395,1,398,1,379,1,382,1,332,1,295
2021-04-01,"Malaysia",1178,6,346678,1278,1377,331001,163,81,20,1,458,1,433,1,421,1,396,1,399,1,380,1,383,1,333,1,296
2021-04-02,"Malaysia",1294,5,347972,1283,1442,332443,168,78,26,1,459,1,434,1,422,1,397,1,400,1,381,1,384,1,334,1,297
2021-04-03,"Malaysia",1638,3,349610,1286,1449,333892,167,81,7,1,460,1,435,1,423,1,398,1,401,1,382,1,385,1,335,1,298
2021-04-04,"Malaysia",1349,2,350959,1288,1270,335162,186,94,7,1,461,1,436,1,424,1,399,1,402,1,383,1,386,1,336,1,299
2021-04-05,"Malaysia",1070,7,352029,1295,1294,336456,180,89,9,1,462,1,437,1,425,1,400,1,403,1,384,1,387,1,337,1,300
2021-04-06,"Malaysia",1300,5,353329,1300,1412,337868,189,88,24,1,463,1,438,1,426,1,401,1,404,1,385,1,388,1,338,1,301
2021-04-07,"Malaysia",1139,4,354468,1304,1199,339067,194,86,13,1,464,1,439,1,427,1,402,1,405,1,386,1,389,1,339,1,302
2021-04-08,"Malaysia",1285,4,355753,1308,1175,340242,186,81,17,1,465,1,440,1,428,1,403,1,406,1,387,1,390,1,340,1,303
2021-04-09,"Malaysia",1854,5,357607,1313,1247,341489,169,79,20,1,466,1,441,1,429,1,404,1,407,1,388,1,391,1,341,1,304
