"","time","S","I","R","Date","A","Rm","total_infected"
"1",1,69679,151,9203,2020-09-01,151,9203,9354
"2",2,69657.6628990429,164.593812524997,9210.74328843214,2020-09-02,153,9207,9375.33710095713
"3",3,69634.4128385841,179.403665244161,9219.18349617177,2020-09-03,163,9211,9398.58716141593
"4",4,69609.0801010941,195.536934965951,9228.38296393991,2020-09-04,165,9220,9423.91989890586
"5",5,69581.4806190098,213.109980937778,9238.40940005242,2020-09-05,150,9241,9451.5193809902
"6",6,69551.4141304556,232.249284219896,9249.33658532449,2020-09-06,154,9243,9481.58586954439
"7",7,69518.6630474481,253.092131078252,9261.24482147361,2020-09-07,207,9252,9514.33695255187
"8",8,69482.9915266039,275.787165465105,9274.22130793097,2020-09-08,295,9264,9550.00847339607
"9",9,69444.1435298046,300.495565030445,9288.36090516496,2020-09-09,312,9271,9588.85647019541
"10",10,69401.8415085694,327.391823008058,9303.76666842259,2020-09-10,333,9295,9631.15849143065
"11",11,69355.7845010567,356.664876575121,9320.55062236816,2020-09-11,501,9309,9677.21549894329
"12",12,69305.6465085703,388.519058846365,9338.8344325833,2020-09-12,551,9317,9727.35349142966
"13",13,69251.0746453573,423.175173641642,9358.75018100103,2020-09-13,591,9324,9781.92535464268
"14",14,69191.6871151922,460.871659494818,9380.44122531304,2020-09-14,615,9331,9841.31288480786
"15",15,69127.0711596763,501.865751986123,9404.06308833759,2020-09-15,632,9337,9905.92884032372
"16",16,69056.7809079271,546.434682836963,9429.78440923599,2020-09-16,668,9363,9976.21909207296
"17",17,68980.3351413224,594.876903026467,9457.78795565115,2020-09-17,674,9378,10052.6648586776
"18",18,68897.2149895538,647.513314711261,9488.27169573499,2020-09-18,754,9393,10135.7850104463
"19",19,68806.8615718474,704.688497439622,9521.44993071302,2020-09-19,722,9445,10226.1384281526
"20",20,68708.6736035868,766.771909292804,9557.5544871204,2020-09-20,734,9485,10324.3263964132
"21",21,68602.0049935715,834.159039507795,9596.83596692073,2020-09-21,751,9525,10430.9950064285
"22",22,68486.16246328,907.272484255686,9639.56505246441,2020-09-22,665,9693,10546.8375367201
"23",23,68360.4032266437,986.562911655983,9686.03386170037,2020-09-23,770,9735,10672.5967733564
"24",24,68223.9327768903,1072.50987586578,9736.55734724394,2020-09-24,777,9799,10809.0672231097
"25",25,68075.9028360987,1165.62243313743,9791.47473076388,2020-09-25,858,9829,10957.0971639013
"26",26,67915.4095248646,1266.4395044332,9851.15097070221,2020-09-26,851,9918,11117.5904751354
"27",27,67741.4918875603,1375.52992634013,9915.9781860996,2020-09-27,950,9969,11291.5081124397
"28",28,67553.1306885275,1493.49209215149,9986.37721932101,2020-09-28,1011,10023,11479.8693114725
"29",29,67349.2478565907,1620.95317050182,10062.7989729075,2020-09-29,1062,10073,11683.7521434093
"30",30,67128.7064745366,1758.56772993425,10145.7257955292,2020-09-30,1121,10103,11904.2935254634
"31",31,66890.3114482984,1907.01572982856,10235.6728218731,2020-10-01,1334,10150,12142.6885517016
"32",32,66632.8111944695,2066.99963550955,10333.189170021,2020-10-02,1540,10231,12400.1888055305
"33",33,66354.9000639116,2239.2410720639,10438.8588640245,2020-10-03,1735,10353,12678.0999360884
"34",34,66055.2225595115,2424.47562449687,10553.3018159917,2020-10-04,1961,10420,12977.7774404885
"35",35,65732.378357722,2623.44737384722,10677.1742684308,2020-10-05,2336,10477,13300.621642278
"36",36,65384.9290598572,2836.90189556796,10811.1690445749,2020-10-06,2936,10568,13648.0709401428
"37",37,65011.4068069111,3065.57774554157,10956.0154475474,2020-10-07,3351,10642,14021.593193089
"38",38,64610.3246962869,3310.19662670321,11112.4786770099,2020-10-08,3703,10665,14422.6753037131
"39",39,64180.1892676294,3571.45199774534,11281.3587346253,2020-10-09,3863,10859,14852.8107323706
"40",40,63719.5153157867,3849.99598543423,11463.4886987791,2020-10-10,4161,10935,15313.4846842133
"41",41,63226.8428565704,4146.42478621186,11659.7323572177,2020-10-11,4587,11070,15806.1571434296
"42",42,62700.7564603742,4461.2624613334,11870.9810782925,2020-10-12,5039,11181,16332.2435396259
"43",43,62139.9069727065,4794.94319553107,12098.1498317625,2020-10-13,5345,11535,16893.0930272936
"44",44,61543.0354500161,5147.79223925996,12342.1723107239,2020-10-14,5768,11772,17489.9645499839
"45",45,60908.9991141712,5520.00579147441,12603.9950943545,2020-10-15,5945,12184,18124.0008858289
"46",46,60236.7990450472,5911.63015328441,12884.5708016684,2020-10-16,6323,12435,18796.2009549528
"47",47,59525.6091799955,6322.54060722513,13184.8502127794,2020-10-17,6886,12741,19507.3908200045
"48",48,58774.8060650558,6752.42057731012,13505.7733576341,2020-10-18,7049,13449,20258.1939349442
"49",49,57983.9986724971,7200.74172599653,13848.2596015064,2020-10-19,7456,13907,21049.0013275029
"50",50,57153.0574724226,7666.74573617351,14213.1967914039,2020-10-20,7681,14544,21879.9425275774
"51",51,56282.1418346149,8149.4285994171,14601.4295659681,2020-10-21,7827,15130,22750.8581653852
"52",52,55371.7247476879,8647.52827905348,15013.7469732586,2020-10-22,8183,15621,23661.2752523121
"53",53,54422.6138086816,9159.51661120288,15450.8695801156,2020-10-23,8416,16098,24610.3861913185
"54",54,53435.9673309846,9683.59635164952,15913.4363173659,2020-10-24,8966,16776,25597.0326690155
"55",55,52413.3046793088,10217.7040137479,16401.9913069433,2020-10-25,NA,NA,26619.6953206912
"56",56,51356.5097917765,10759.5192172002,16916.9709910234,2020-10-26,NA,NA,27676.4902082236
"57",57,50267.8271935118,11306.4809187603,17458.691887728,2020-10-27,NA,NA,28765.1728064883
"58",58,49149.8499398211,11855.8107417441,18027.3393184349,2020-10-28,NA,NA,29883.150060179
"59",59,48005.4992756727,12404.5432713017,18622.9574530257,2020-10-29,NA,NA,31027.5007243274
"60",60,46837.9960871571,12949.5629084011,19245.4410044418,2020-10-30,NA,NA,32195.0039128429
"61",61,45650.8245664991,13487.6465524127,19894.5288810882,2020-10-31,NA,NA,33382.1754335009
"62",62,44447.6888928554,14015.5110518926,20569.8000552521,2020-11-01,NA,NA,34585.3111071446
"63",63,43232.4639987268,14529.8641468322,21270.6718544411,2020-11-02,NA,NA,35800.5360012732
"64",64,42009.1418519032,15027.4573402584,21996.4008078384,2020-11-03,NA,NA,37023.8581480968
"65",65,40781.7748370477,15505.1390608608,22746.0861020916,2020-11-04,NA,NA,38251.2251629524
"66",66,39554.4179927062,15959.906386892,23518.6756204018,2020-11-05,NA,NA,39478.5820072938
"67",67,38331.0718878857,16388.9536617261,24312.9744503882,2020-11-06,NA,NA,40701.9281121143
"68",68,37115.6278675664,16789.716460669,25127.6556717646,2020-11-07,NA,NA,41917.3721324336
"69",69,35911.8172608683,17159.9095786041,25961.2731605277,2020-11-08,NA,NA,43121.1827391317
"70",70,34723.1659212927,17497.5579890564,26812.2760896509,2020-11-09,NA,NA,44309.8340787073
"71",71,33552.9551885971,17801.0200496309,27679.024761772,2020-11-10,NA,NA,45480.0448114029
"72",72,32404.190042786,18069.0025747178,28559.8073824963,2020-11-11,NA,NA,46628.809957214
"73",73,31279.5748862923,18300.5677409854,29452.8573727223,2020-11-12,NA,NA,47753.4251137077
"74",74,30181.49706237,18495.132112829,30356.3708248011,2020-11-13,NA,NA,48851.5029376301
"75",75,29112.0179158619,18652.4583556511,31268.523728487,2020-11-14,NA,NA,49920.9820841381
"76",76,28072.8709418482,18772.6404317951,32187.4886263568,2020-11-15,NA,NA,50960.1290581518
"77",77,27065.4663587441,18856.083239544,33111.450401712,2020-11-16,NA,NA,51967.533641256
"78",78,26090.9012904212,18903.4777576686,34038.6209519102,2020-11-17,NA,NA,52942.0987095788
"79",79,25149.9746474025,18915.7727991149,34967.2525534826,2020-11-18,NA,NA,53883.0253525975
"80",80,24243.2057566338,18894.1444639061,35895.6497794601,2020-11-19,NA,NA,54789.7942433662
"81",81,23370.8557962663,18839.9643221649,36822.1798815688,2020-11-20,NA,NA,55662.1442037337
"82",82,22532.9511378527,18754.7672637697,37745.2815983777,2020-11-21,NA,NA,56500.0488621474
"83",83,21729.3077740334,18640.2198323392,38663.4723936274,2020-11-22,NA,NA,57303.6922259666
"84",84,20959.5561058082,18498.0897282989,39575.354165893,2020-11-23,NA,NA,58073.4438941919
"85",85,20223.1654711715,18330.2170278552,40479.6175009733,2020-11-24,NA,NA,58809.8345288285
"86",86,19519.4679087061,18138.4875293898,41375.044561904,2020-11-25,NA,NA,59513.5320912939
"87",87,18847.6807595309,17924.8085119321,42260.510728537,2020-11-26,NA,NA,60185.3192404692
"88",88,18206.9278141502,17691.0870761044,43134.9851097453,2020-11-27,NA,NA,60826.0721858498
"89",89,17596.2588040333,17439.2111387891,43997.5300571776,2020-11-28,NA,NA,61436.7411959667
"90",90,17014.6671192259,17171.0330698899,44847.2998108842,2020-11-29,NA,NA,62018.3328807741
"91",91,16461.1057021225,16888.3558930112,45683.5384048663,2020-11-30,NA,NA,62571.8942978775
"92",92,15934.5011236889,16592.9219208656,46505.5769554456,2020-12-01,NA,NA,63098.4988763112
"93",93,15433.7658925542,16286.4036593925,47312.8304480533,2020-12-02,NA,NA,63599.2341074458
"94",94,14957.8090805429,15970.3967902206,48104.7941292365,2020-12-03,NA,NA,64075.1909194571
"95",95,14505.5453716787,15646.415027363,48881.0396009584,2020-12-04,NA,NA,64527.4546283214
"96",96,14075.9026568917,15315.8866390181,49641.2107040903,2020-12-05,NA,NA,64957.0973431084
"97",97,13667.828304927,14980.1524273221,50385.0192677509,2020-12-06,NA,NA,65365.171695073
"98",98,13280.2942431818,14640.4649657124,51112.2407911058,2020-12-07,NA,NA,65752.7057568183
"99",99,12912.3009799201,14297.9889053617,51822.7101147182,2020-12-08,NA,NA,66120.6990200799
"100",100,12562.8806954369,13953.8021748965,52516.3171296666,2020-12-09,NA,NA,66470.1193045632
"101",101,12231.0995227746,13608.8979131866,53193.0025640388,2020-12-10,NA,NA,66801.9004772255
"102",102,11916.059129786,13264.1869908449,53852.7538793691,2020-12-11,NA,NA,67116.940870214
"103",103,11616.8977052398,12920.5009920251,54495.6013027351,2020-12-12,NA,NA,67416.1022947603
"104",104,11332.7904421081,12578.5955436868,55121.6140142052,2020-12-13,NA,NA,67700.2095578919
"105",105,11062.9496013915,12239.1538943567,55730.8965042518,2020-12-14,NA,NA,67970.0503986085
"106",106,10806.6242304451,11902.7906582898,56323.5851112651,2020-12-15,NA,NA,68226.375769555
"107",107,10563.0996008243,11570.0556536891,56899.8447454866,2020-12-16,NA,NA,68469.9003991757
"108",108,10331.6964223165,11241.4377752141,57459.8658024694,2020-12-17,NA,NA,68701.3035776835
"109",109,10111.7698821311,10917.3688513733,58003.8612664956,2020-12-18,NA,NA,68921.2301178689
"110",110,9902.70855123576,10598.2274465782,58532.0640021861,2020-12-19,NA,NA,69130.2914487643
"111",111,9703.93319354134,10284.342575694,59044.7242307647,2020-12-20,NA,NA,69329.0668064587
"112",112,9514.89550804501,9975.99730591843,59542.1071860366,2020-12-21,NA,NA,69518.104491955
"113",113,9335.07682909975,9673.43222684596,60024.4909440543,2020-12-22,NA,NA,69697.9231709003
"114",114,9163.98680565266,9376.84877470949,60492.1644196379,2020-12-23,NA,NA,69869.0131943474
"115",115,9001.16207653037,9086.41240113616,60945.4255223335,2020-12-24,NA,NA,70031.8379234696
"116",116,8846.16495559939,8802.25558038464,61384.579464016,2020-12-25,NA,NA,70186.8350444006
"117",117,8698.58213783998,8524.48065204189,61809.9372101182,2020-12-26,NA,NA,70334.41786216
"118",118,8558.02343499413,8253.16249862069,62221.8140663852,2020-12-27,NA,NA,70474.9765650059
"119",119,8424.12054743436,7988.35105949091,62620.5283930747,2020-12-28,NA,NA,70608.8794525657
"120",120,8296.52587720061,7730.07368415803,63006.4004386414,2020-12-29,NA,NA,70736.4741227994
"121",121,8174.91138573485,7478.33732916803,63379.7512850971,2020-12-30,NA,NA,70858.0886142652
"122",122,8058.96749874657,7233.13060376585,63740.9018974876,2020-12-31,NA,NA,70974.0325012534
"123",123,7948.40205943141,6994.42567026166,64090.1722703069,2021-01-01,NA,NA,71084.5979405686
"124",124,7842.93933078614,6762.18000544675,64427.8806637671,2021-01-02,NA,NA,71190.0606692139
"125",125,7742.31904702733,6536.33802982499,64754.3429231477,2021-01-03,NA,NA,71290.6809529727
"126",126,7646.29551343777,6316.83261140646,65069.8718751558,2021-01-04,NA,NA,71386.7044865622
"127",127,7554.6367537761,6103.58645105335,65374.7767951706,2021-01-05,NA,NA,71478.3632462239
"128",128,7467.12370402667,5896.51335615267,65669.3629398207,2021-01-06,NA,NA,71565.8762959733
"129",129,7383.54945091591,5695.51940989107,65953.931139193,2021-01-07,NA,NA,71649.4505490841
"130",130,7303.71851371791,5500.50404185042,66228.7774444317,2021-01-08,NA,NA,71729.2814862821
"131",131,7227.4461674578,5311.36100717407,66494.1928253682,2021-01-09,NA,NA,71805.5538325422
"132",132,7154.55780575653,5127.97927999824,66750.4629142453,2021-01-10,NA,NA,71878.4421942435
"133",133,7084.88834140745,4950.24386740263,66997.86779119,2021-01-11,NA,NA,71948.1116585926
"134",134,7018.28164285104,4778.0365492594,67236.6818078896,2021-01-12,NA,NA,72014.718357149
"135",135,6954.59000467676,4611.23654943714,67467.1734458861,2021-01-13,NA,NA,72078.4099953233
"136",136,6893.67365032488,4449.72114343484,67689.6052062403,2021-01-14,NA,NA,72139.3263496752
"137",137,6835.40026520593,4293.36620722402,67904.2335275701,2021-01-15,NA,NA,72197.5997347941
"138",138,6779.64455851099,4142.04671180285,68111.3087296862,2021-01-16,NA,NA,72253.355441489
"139",139,6726.28785204628,3995.63716768774,68311.074980266,2021-01-17,NA,NA,72306.7121479538
"140",140,6675.21769449357,3854.01202330163,68503.7702822048,2021-01-18,NA,NA,72357.7823055065
"141",141,6626.32749956813,3717.04602095905,68689.6264794728,2021-01-19,NA,NA,72406.6725004319
"142",142,6579.51620661791,3584.61451390033,68868.8692794818,2021-01-20,NA,NA,72453.4837933821
"143",143,6534.68796228059,3456.59374759115,69041.7182901283,2021-01-21,NA,NA,72498.3120377194
"144",144,6491.75182188772,3332.8611082785,69208.3870698338,2021-01-22,NA,NA,72541.2481781123
"145",145,6450.62146937621,3213.29534158138,69369.0831890424,2021-01-23,NA,NA,72582.3785306238
"146",146,6411.21495453742,3097.77674369338,69524.0083017692,2021-01-24,NA,NA,72621.7850454626
"147",147,6373.45444650161,2986.18732758465,69673.3582259138,2021-01-25,NA,NA,72659.5455534984
"148",148,6337.26600242083,2878.41096641308,69817.3230311661,2021-01-26,NA,NA,72695.7339975792
"149",149,6302.5793503757,2774.33351618711,69956.0871334372,2021-01-27,NA,NA,72730.4206496243
"150",150,6269.32768559171,2673.84291956671,70089.8293948416,2021-01-28,NA,NA,72763.6723144083
"151",151,6237.44747910733,2576.8292925429,70218.7232283498,2021-01-29,NA,NA,72795.5525208927
"152",152,6206.87829809059,2483.18499559994,70342.9367063095,2021-01-30,NA,NA,72826.1217019094
"153",153,6177.56263705195,2392.80469083768,70462.6326721104,2021-01-31,NA,NA,72855.4373629481
"154",154,6149.44575924956,2305.58538641317,70577.9688543373,2021-02-01,NA,NA,72883.5542407505
"155",155,6122.47554762905,2221.42646955133,70689.0979828196,2021-02-02,NA,NA,72910.524452371
"156",156,6096.60236468256,2140.22972927237,70796.1679060451,2021-02-03,NA,NA,72936.3976353175
"157",157,6071.77892065238,2061.89936988934,70899.3217094583,2021-02-04,NA,NA,72961.2210793476
"158",158,6047.96014954247,1986.34201624183,70998.6978342157,2021-02-05,NA,NA,72985.0398504575
"159",159,6025.10309243659,1913.46671155059,71094.4301960128,2021-02-06,NA,NA,73007.8969075634
"160",160,6003.16678765515,1843.18490870331,71186.6483036415,2021-02-07,NA,NA,73029.8332123448
"161",161,5982.11216731403,1775.41045571219,71275.4773769738,2021-02-08,NA,NA,73050.887832686
"162",162,5961.9019598777,1710.05957602044,71361.0384641019,2021-02-09,NA,NA,73071.0980401223
"163",163,5942.50059832634,1647.05084427551,71443.4485573982,2021-02-10,NA,NA,73090.4994016737
"164",164,5923.87413358179,1586.30515813256,71522.8207082857,2021-02-11,NA,NA,73109.1258664182
"165",165,5905.99015286131,1527.74570660169,71599.264140537,2021-02-12,NA,NA,73127.0098471387
"166",166,5888.8177026497,1471.29793540599,71672.8843619443,2021-02-13,NA,NA,73144.1822973503
"167",167,5872.32721600159,1416.88950977519,71743.7832742232,2021-02-14,NA,NA,73160.6727839984
"168",168,5856.49044390433,1364.45027506049,71812.0592810352,2021-02-15,NA,NA,73176.5095560957
"169",169,5841.28039045033,1313.91221552007,71877.8073940296,2021-02-16,NA,NA,73191.7196095497
"170",170,5826.67125158412,1265.20941159203,71941.1193368239,2021-02-17,NA,NA,73206.3287484159
"171",171,5812.63835720498,1218.27799594084,72002.0836468542,2021-02-18,NA,NA,73220.361642795
"172",172,5799.15811642065,1173.05610853569,72060.7857750437,2021-02-19,NA,NA,73233.8418835794
"173",173,5786.20796576098,1129.48385099367,72117.3081832453,2021-02-20,NA,NA,73246.792034239
"174",174,5773.76632017288,1087.50324039705,72171.7304394301,2021-02-21,NA,NA,73259.2336798271
"175",175,5761.81252662991,1047.05816277263,72224.1293105974,2021-02-22,NA,NA,73271.1874733701
"176",176,5750.32682020046,1008.09432640163,72274.5788533979,2021-02-23,NA,NA,73282.6731797995
"177",177,5739.29028242877,970.559215110164,72323.1505024611,2021-02-24,NA,NA,73293.7097175712
"178",178,5728.68480189255,934.402041674547,72369.9131564329,2021-02-25,NA,NA,73304.3151981074
"179",179,5718.49303680955,899.573701460046,72414.9332617304,2021-02-26,NA,NA,73314.5069631904
"180",180,5708.6983795739,866.026726398454,72458.2748940276,2021-02-27,NA,NA,73324.3016204261
"181",181,5699.28492311051,833.715239397131,72499.9998374923,2021-02-28,NA,NA,73333.7150768894
"182",182,5690.23742894295,802.59490926083,72540.1676617962,2021-03-01,NA,NA,73342.762571057
"183",183,5681.54129687704,772.622906197206,72578.8357969257,2021-03-02,NA,NA,73351.4587031229
"184",184,5673.1825362082,743.757857967585,72616.0596058242,2021-03-03,NA,NA,73359.8174637918
"185",185,5665.14773836632,715.959806736407,72651.8924548972,2021-03-04,NA,NA,73367.8522616337
"186",186,5657.42405091928,689.190166662896,72686.3857824178,2021-03-05,NA,NA,73375.5759490807
"187",187,5649.9991528579,663.411682274494,72719.5891648676,2021-03-06,NA,NA,73383.0008471421
"188",188,5642.8612310903,638.58838765456,72751.5503812551,2021-03-07,NA,NA,73390.1387689096
"189",189,5635.99895808197,614.685566468105,72782.3154754499,2021-03-08,NA,NA,73397.001041918
"190",190,5629.40147057774,591.669712847465,72811.9288165747,2021-03-09,NA,NA,73403.5985294222
"191",191,5623.05834934683,569.508493153884,72840.4331574992,2021-03-10,NA,NA,73409.9416506531
"192",192,5616.95959989621,548.170708626694,72867.869691477,2021-03-11,NA,NA,73416.0404001037
"193",193,5611.0956341003,527.626258928099,72894.2781069715,2021-03-12,NA,NA,73421.9043658996
"194",194,5605.45725269841,507.846106588137,72919.6966407134,2021-03-13,NA,NA,73427.5427473016
"195",195,5600.03562861417,488.802242351359,72944.1621290344,2021-03-14,NA,NA,73432.9643713858
"196",196,5594.82229105384,470.467651424059,72967.7100575221,2021-03-15,NA,NA,73438.1777089461
"197",197,5589.80911034279,452.81628061846,72990.3746090387,2021-03-16,NA,NA,73443.1908896571
"198",198,5584.98828346233,435.823006388141,73012.1887101495,2021-03-17,NA,NA,73448.0117165376
"199",199,5580.35232025046,419.463603747091,73033.1840760024,2021-03-18,NA,NA,73452.6476797495
"200",200,5575.89403023303,403.714716063126,73053.3912537038,2021-03-19,NA,NA,73457.1059697669
"201",201,5571.60651005312,388.553825714947,73072.8396642319,2021-03-20,NA,NA,73461.3934899468
"202",202,5567.48313146862,373.959225600866,73091.5576429305,2021-03-21,NA,NA,73465.5168685313
"203",203,5563.51752988945,359.909991486136,73109.5724786244,2021-03-22,NA,NA,73469.4824701105
"204",204,5559.70359342778,346.385955174882,73126.9104513973,2021-03-23,NA,NA,73473.2964065721
"205",205,5556.03545243565,333.367678491852,73143.5968690724,2021-03-24,NA,NA,73476.9645475643
"206",206,5552.50746950629,320.836428058541,73159.6561024351,2021-03-25,NA,NA,73480.4925304936
"207",207,5549.11422991636,308.774150847685,73175.1116192359,2021-03-26,NA,NA,73483.8857700836
"208",208,5545.85053248782,297.163450499702,73189.9860170124,2021-03-27,NA,NA,73487.1494675121
"209",209,5542.71138084914,285.987564384294,73204.3010547665,2021-03-28,NA,NA,73490.2886191508
"210",210,5539.69197507677,275.230341390172,73218.077683533,2021-03-29,NA,NA,73493.3080249231
"211",211,5536.78770369875,264.87622042568,73231.3360758755,2021-03-30,NA,NA,73496.2122963012
"212",212,5533.99413604326,254.910209612982,73244.0956543437,2021-03-31,NA,NA,73499.0058639567
"213",213,5531.30701491601,245.317866158411,73256.3751189255,2021-04-01,NA,NA,73501.6929850839
"214",214,5528.72224959094,236.085276881601,73268.1924735274,2021-04-02,NA,NA,73504.277750409
"215",215,5526.23590909972,227.199039386054,73279.5650515141,2021-04-03,NA,NA,73506.7640909002
"216",216,5523.84421580628,218.646243853895,73290.5095403398,2021-04-04,NA,NA,73509.1557841937
"217",217,5521.54353925306,210.414455447701,73301.0420052992,2021-04-05,NA,NA,73511.4564607469
"218",218,5519.33039026686,202.491697302458,73311.1779124306,2021-04-06,NA,NA,73513.6696097331
"219",219,5517.20141531212,194.866434090886,73320.9321505969,2021-04-07,NA,NA,73515.7985846878
"220",220,5515.1533910807,187.527556145604,73330.3190527736,2021-04-08,NA,NA,73517.8466089192
"221",221,5513.18321930736,180.46436412184,73339.3524165707,2021-04-09,NA,NA,73519.8167806926
"222",222,5511.28792180085,173.66655418467,73348.0455240144,2021-04-10,NA,NA,73521.7120781991
"223",223,5509.46463568105,167.124203705019,73356.4111606139,2021-04-11,NA,NA,73523.5353643189
"224",224,5507.71060881289,160.827757448991,73364.4616337381,2021-04-12,NA,NA,73525.2893911871
"225",225,5506.02319542847,154.768014245363,73372.2087903261,2021-04-13,NA,NA,73526.9768045715
"226",226,5504.39985192911,148.936114116407,73379.6640339544,2021-04-14,NA,NA,73528.6001480709
"227",227,5502.83813285925,143.323525857525,73386.8383412832,2021-04-15,NA,NA,73530.1618671407
"228",228,5501.33568704506,137.922035051516,73393.7422779034,2021-04-16,NA,NA,73531.6643129549
"229",229,5499.89025389023,132.723732503596,73400.3860136061,2021-04-17,NA,NA,73533.1097461097
"230",230,5498.49965982248,127.721003083666,73406.7793370938,2021-04-18,NA,NA,73534.5003401775
"231",231,5497.16181488401,122.906514962626,73412.9316701533,2021-04-19,NA,NA,73535.8381851159
"232",232,5495.87470945998,118.273209229882,73418.85208131,2021-04-20,NA,NA,73537.1252905399
"233",233,5494.63641113896,113.814289879531,73424.5492989814,2021-04-21,NA,NA,73538.363588861
"234",234,5493.44506169974,109.523214153033,73430.0317241471,2021-04-22,NA,NA,73539.5549383002
"235",235,5492.29887421929,105.393683226509,73435.3074425541,2021-04-23,NA,NA,73540.7011257806
"236",236,5491.19613029653,101.41963323116,73440.3842364722,2021-04-24,NA,NA,73541.8038697034
"237",237,5490.1351773873,97.5952265955755,73445.269596017,2021-04-25,NA,NA,73542.8648226126
"238",238,5489.11442624558,93.9148436990725,73449.9707300553,2021-04-26,NA,NA,73543.8855737543
"239",239,5488.1323484668,90.3730748254943,73454.4945767076,2021-04-27,NA,NA,73544.8676515331
"240",240,5487.18747412878,86.9647124072089,73458.8478134639,2021-04-28,NA,NA,73545.8125258711
"241",241,5486.27838952635,83.684743549369,73463.0368669242,2021-04-29,NA,NA,73546.7216104736
"242",242,5485.40373499574,80.52834282478,73467.0679221794,2021-04-30,NA,NA,73547.5962650042
"243",243,5484.56220282502,77.4908653300274,73470.9469318449,2021-05-01,NA,NA,73548.4377971749
"244",244,5483.75253524717,74.5678399937994,73474.6796247589,2021-05-02,NA,NA,73549.2474647527
"245",245,5482.97352251212,71.7549631286233,73478.2715143592,2021-05-03,NA,NA,73550.0264774878
"246",246,5482.22400103488,69.0480922175132,73481.7279067475,2021-05-04,NA,NA,73550.7759989651
"247",247,5481.50285161635,66.4432399272935,73485.0539084563,2021-05-05,NA,NA,73551.4971483836
"248",248,5480.80899773407,63.9365683406289,73488.2544339252,2021-05-06,NA,NA,73552.1910022659
"249",249,5480.14140389987,61.5243833990472,73491.334212701,2021-05-07,NA,NA,73552.8585961001
"250",250,5479.49907408196,59.2031295494935,73494.2977963685,2021-05-08,NA,NA,73553.500925918
"251",251,5478.88105018858,56.9693845871961,73497.1495652241,2021-05-09,NA,NA,73554.1189498113
"252",252,5478.28641061098,54.8198546878661,73499.8937347011,2021-05-10,NA,NA,73554.7135893889
"253",253,5477.71426882315,52.7513696224808,73502.5343615543,2021-05-11,NA,NA,73555.2857311768
"254",254,5477.16377203614,50.7608781481276,73505.0753498156,2021-05-12,NA,NA,73555.8362279638
"255",255,5476.63409990475,48.8454435686032,73507.5204565266,2021-05-13,NA,NA,73556.3659000952
"256",256,5476.12446328449,47.0022394586778,73509.8732972568,2021-05-14,NA,NA,73556.8755367154
"257",257,5475.63410303677,45.2285455461355,73512.137351417,2021-05-15,NA,NA,73557.3658969632
"258",258,5475.16228888053,43.5217437459096,73514.3159673735,2021-05-16,NA,NA,73557.8377111194
"259",259,5474.70831828825,41.8793143408179,73516.4123673709,2021-05-17,NA,NA,73558.2916817117
"260",260,5474.27151542485,40.298832303599,73518.4296522715,2021-05-18,NA,NA,73558.7284845751
"261",261,5473.8512301275,38.7779637551291,73520.3708061173,2021-05-19,NA,NA,73559.1487698724
"262",262,5473.44683692494,37.3144625538765,73522.2387005211,2021-05-20,NA,NA,73559.553163075
"263",263,5473.05773409465,35.9061670118255,73524.0360988935,2021-05-21,NA,NA,73559.9422659053
"264",264,5472.68334275639,34.5509967322636,73525.7656605113,2021-05-22,NA,NA,73560.3166572435
"265",265,5472.32310600067,33.2469495649916,73527.4299444343,2021-05-23,NA,NA,73560.6768939992
"266",266,5471.97648805088,31.9920986746669,73529.0314132744,2021-05-24,NA,NA,73561.0235119491
"267",267,5471.64297345753,30.784589718148,73530.5724368243,2021-05-25,NA,NA,73561.3570265424
"268",268,5471.32206632364,29.6226381268462,73532.0552955494,2021-05-26,NA,NA,73561.6779336763
"269",269,5471.01328955978,28.5045264902396,73533.4821839499,2021-05-27,NA,NA,73561.9867104401
"270",270,5470.71618416782,27.4286020368361,73534.8552137953,2021-05-28,NA,NA,73562.2838158321
"271",271,5470.43030855215,26.3932742090047,73536.1764172388,2021-05-29,NA,NA,73562.5696914478
"272",272,5470.15523785726,25.3970123282264,73537.4477498144,2021-05-30,NA,NA,73562.8447621427
"273",273,5469.89056333087,24.438343347432,73538.6710933216,2021-05-31,NA,NA,73563.1094366691
"274",274,5469.6358917113,23.5158496872223,73539.8482586014,2021-06-01,NA,NA,73563.3641082886
"275",275,5469.39084463845,22.6281671528724,73540.9809882086,2021-06-02,NA,NA,73563.6091553615
"276",276,5469.1550580872,21.7739829291419,73542.0709589836,2021-06-03,NA,NA,73563.8449419127
"277",277,5468.92818182264,20.9520336500125,73543.1197845273,2021-06-04,NA,NA,73564.0718181773
"278",278,5468.70987887596,20.1611035405846,73544.1290175834,2021-06-05,NA,NA,73564.290121124
"279",279,5468.49982504052,19.4000226284611,73545.100152331,2021-06-06,NA,NA,73564.5001749594
"280",280,5468.29770838712,18.6676650220442,73546.0346265908,2021-06-07,NA,NA,73564.7022916128
"281",281,5468.10322879776,17.9629472532663,73546.9338239489,2021-06-08,NA,NA,73564.8967712022
"282",282,5467.91609751724,17.2848266823633,73547.7990758004,2021-06-09,NA,NA,73565.0839024827
"283",283,5467.73603672183,16.6322999623881,73548.6316633158,2021-06-10,NA,NA,73565.2639632782
"284",284,5467.56277910446,16.004401561245,73549.4328193343,2021-06-11,NA,NA,73565.4372208955
"285",285,5467.39606747564,15.4002023391073,73550.2037301852,2021-06-12,NA,NA,73565.6039325243
"286",286,5467.23565437968,14.8188081791584,73550.9455374411,2021-06-13,NA,NA,73565.7643456203
"287",287,5467.08130172544,14.2593586696708,73551.6593396048,2021-06-14,NA,NA,73565.9186982745
"288",288,5466.93278043123,13.7210258355138,73552.3461937332,2021-06-15,NA,NA,73566.0672195687
"289",289,5466.78987008321,13.2030129172466,73553.0071169995,2021-06-16,NA,NA,73566.2101299167
"290",290,5466.65235860675,12.7045531960233,73553.6430881972,2021-06-17,NA,NA,73566.3476413932
"291",291,5466.52004195032,12.2249088626026,73554.255049187,2021-06-18,NA,NA,73566.4799580496
"292",292,5466.39272378146,11.7633699288154,73554.8439062897,2021-06-19,NA,NA,73566.6072762185
"293",293,5466.27021519423,11.3192531799061,73555.4105316258,2021-06-20,NA,NA,73566.7297848057
"294",294,5466.15233442783,10.8919011662205,73555.9557644059,2021-06-21,NA,NA,73566.8476655721
"295",295,5466.03890659593,10.480681232772,73556.4804121712,2021-06-22,NA,NA,73566.961093404
"296",296,5465.9297634262,10.0849845852677,73556.9852519885,2021-06-23,NA,NA,73567.0702365737
"297",297,5465.82474300988,9.70422539123425,73557.4710315988,2021-06-24,NA,NA,73567.1752569901
"298",298,5465.72368956073,9.33783991492814,73557.9384705243,2021-06-25,NA,NA,73567.2763104392
"299",299,5465.62645318322,8.98528568476739,73558.3882611319,2021-06-26,NA,NA,73567.3735468167
"300",300,5465.53288964946,8.64604069206741,73558.8210696584,2021-06-27,NA,NA,73567.4671103505
"301",301,5465.44286018465,8.31960261990851,73559.2375371954,2021-06-28,NA,NA,73567.5571398153
"302",302,5465.35623126064,8.00548810100671,73559.6382806383,2021-06-29,NA,NA,73567.6437687393
"303",303,5465.27287439733,7.70323200350114,73560.0238935991,2021-06-30,NA,NA,73567.7271256026
